school_code,school_name,category,management,edu_district,sub_district,local_body,classes_approved,students_total,students_lp,students_up,teaching_staff_total,teaching_staff_lp,teaching_staff_up,teaching_staff_lp_up_shared,teaching_staff_hs,teaching_staff_unclassified,non_teaching_total,reported_total_employees,staff_data_status,total_reconciles,has_hss,has_vhse,source_url,fetched_at
18008,G.V.H.S.S. Kondotty,VHSE,Government,Malappuram,Kondotty,Kondotty (M),5 - 12,658,0,239,31,0,6,2,23,0,4,35,ok,true,true,true,https://sametham.kite.kerala.gov.in/18008,2026-08-14T10:03:52.224277+00:00
18009,GHSS POOKKOTTUR,HSS,Government,Malappuram,Malappuram,Malappuram (P),5 - 12,1464,0,412,54,0,15,2,37,0,6,60,ok,true,true,false,https://sametham.kite.kerala.gov.in/18009,2026-08-14T10:03:54.158363+00:00
18010,G.V.H.S.S. Pullanur,VHSE,Government,Malappuram,Malappuram,Malappuram (P),1 - 12,474,97,99,25,2,5,3,15,0,3,28,ok,true,true,true,https://sametham.kite.kerala.gov.in/18010,2026-08-14T10:03:56.168201+00:00
18011,G H S S Kuzhimanna,HSS,Government,Malappuram,Kizhisseri,Malappuram (P),5 - 12,757,0,88,35,0,5,0,30,0,4,39,ok,true,true,false,https://sametham.kite.kerala.gov.in/18011,2026-08-14T10:03:58.165333+00:00
18012,G.G.H.S.S. Malappuram,HSS,Government,Malappuram,Malappuram,Malappuram (M),5 - 12,998,0,265,42,0,5,3,34,0,4,46,ok,true,true,false,https://sametham.kite.kerala.gov.in/18012,2026-08-14T10:04:00.160343+00:00
18013,G.B.H.S.S Malappuram,HSS,Government,Malappuram,Malappuram,Malappuram (M),5 - 12,692,0,144,29,0,2,1,26,0,4,33,ok,true,true,false,https://sametham.kite.kerala.gov.in/18013,2026-08-14T10:04:02.166509+00:00
18021,G B H S S Manjeri,VHSE,Government,Malappuram,Manjeri,Manjeri (M),5 - 12,2586,0,593,81,1,6,3,71,0,4,85,ok,true,true,true,https://sametham.kite.kerala.gov.in/18021,2026-08-14T10:04:04.167852+00:00
18023,G.G.H.S.S. Manjeri,HSS,Government,Malappuram,Manjeri,Manjeri (M),1 - 12,622,19,133,27,3,1,0,23,0,4,31,ok,true,true,false,https://sametham.kite.kerala.gov.in/18023,2026-08-14T10:04:06.163498+00:00
18027,G H S S Pandikkad,HSS,Government,Malappuram,Manjeri,Malappuram (P),5 - 12,2359,0,857,81,0,19,5,57,0,7,88,ok,true,true,false,https://sametham.kite.kerala.gov.in/18027,2026-08-14T10:04:08.165998+00:00
18028,G V H S S Nellikuth,VHSE,Government,Malappuram,Manjeri,Manjeri (M),1 - 12,1664,198,695,67,8,18,8,33,0,6,73,ok,true,true,true,https://sametham.kite.kerala.gov.in/18028,2026-08-14T10:04:10.174178+00:00
18032,G.R.H.S.S Kottakkal,HSS,Government,Malappuram,Malappuram,Kottakkal (M),5 - 12,1731,0,597,60,0,12,4,44,0,4,64,ok,true,true,false,https://sametham.kite.kerala.gov.in/18032,2026-08-14T10:04:12.164426+00:00
18057,G H S S Pulamanthole,HSS,Government,Malappuram,Perinthalmanna,Malappuram (P),5 - 12,1927,0,353,69,0,7,2,60,0,3,72,ok,true,true,false,https://sametham.kite.kerala.gov.in/18057,2026-08-14T10:04:14.166776+00:00
18058,G H S S Perintalmanna,HSS,Government,Malappuram,Perinthalmanna,Perinthalmanna (M),5 - 12,1562,0,216,57,0,3,2,52,0,4,61,ok,true,true,false,https://sametham.kite.kerala.gov.in/18058,2026-08-14T10:04:16.169966+00:00
18065,G H S S Mankada,VHSE,Government,Malappuram,Mankada,Malappuram (P),5 - 12,1517,0,419,50,0,8,4,38,0,4,54,ok,true,true,true,https://sametham.kite.kerala.gov.in/18065,2026-08-14T10:04:18.165792+00:00
18069,S H M G V H S S Edavanna,VHSE,Government,Malappuram,Manjeri,Malappuram (P),5 - 12,770,0,277,32,0,9,1,22,0,4,36,ok,true,true,true,https://sametham.kite.kerala.gov.in/18069,2026-08-14T10:04:20.197842+00:00
18072,G.H.S.S. Kottappuram,HSS,Government,Malappuram,Kondotty,Malappuram (P),5 - 12,726,0,228,32,0,4,1,27,0,5,37,ok,true,true,false,https://sametham.kite.kerala.gov.in/18072,2026-08-14T10:04:22.182806+00:00
18075,G H S S Kunnakkavu,HSS,Government,Malappuram,Perinthalmanna,Malappuram (P),5 - 12,1664,0,381,61,0,11,4,46,0,5,66,ok,true,true,false,https://sametham.kite.kerala.gov.in/18075,2026-08-14T10:04:24.162907+00:00
18078,G H S S Kadungapuram,HSS,Government,Malappuram,Mankada,Malappuram (P),1 - 12,1674,131,646,68,6,11,7,44,0,3,71,ok,true,true,false,https://sametham.kite.kerala.gov.in/18078,2026-08-14T10:04:26.183456+00:00
18097,G H S Aliparamba,HSS,Government,Malappuram,Perinthalmanna,Malappuram (P),1 - 12,368,95,114,24,5,6,2,11,0,4,28,ok,true,true,false,https://sametham.kite.kerala.gov.in/18097,2026-08-14T10:04:28.170250+00:00
18138,G.H.S.S Chullikkode,HSS,Government,Malappuram,Kizhisseri,Malappuram (P),1 - 12,438,157,135,25,8,6,2,9,0,4,29,ok,true,true,false,https://sametham.kite.kerala.gov.in/18138,2026-08-14T10:04:30.167982+00:00
18139,Govt High School Muthuvallur,HSS,Government,Malappuram,Kizhisseri,Malappuram (P),1 - 12,482,158,157,27,7,5,3,12,0,4,31,ok,true,true,false,https://sametham.kite.kerala.gov.in/18139,2026-08-14T10:04:32.171162+00:00
18150,GHS CHERIYAM MANKADA,HS,Government,Malappuram,Mankada,Malappuram (P),1 -10,839,247,231,40,10,7,4,19,0,4,44,ok,true,false,false,https://sametham.kite.kerala.gov.in/18150,2026-08-14T10:04:34.179547+00:00
18204,GLPS Kizhisseri,UPS,Government,Malappuram,Kizhisseri,Malappuram (P),1 - 5,853,711,142,29,19,0,4,6,0,1,30,ok,true,false,false,https://sametham.kite.kerala.gov.in/18204,2026-08-14T10:04:36.138984+00:00
18205,GLPS Kuzhimanna,LPS,Government,Malappuram,Kizhisseri,Malappuram (P),1 - 4,280,280,0,10,10,0,0,0,0,0,10,ok,true,false,false,https://sametham.kite.kerala.gov.in/18205,2026-08-14T10:04:38.137297+00:00
18206,GLPS Kuzhimanna II South,LPS,Government,Malappuram,Kizhisseri,Malappuram (P),1 - 4,275,275,0,14,9,0,3,2,0,1,15,ok,true,false,false,https://sametham.kite.kerala.gov.in/18206,2026-08-14T10:04:40.145920+00:00
18217,GLPS Parappur,LPS,Government,Malappuram,Kizhisseri,Malappuram (P),1 - 4,93,93,0,4,3,0,1,0,0,1,5,ok,true,false,false,https://sametham.kite.kerala.gov.in/18217,2026-08-14T10:04:42.151731+00:00
18218,GLPS Parapurathparamba,LPS,Government,Malappuram,Kizhisseri,Malappuram (P),1 - 4,102,102,0,6,4,0,2,0,0,1,7,ok,true,false,false,https://sametham.kite.kerala.gov.in/18218,2026-08-14T10:04:44.146121+00:00
18219,GLPS Parathakkad,LPS,Government,Malappuram,Kizhisseri,Malappuram (P),1 - 4,180,180,0,7,5,0,2,0,0,0,7,ok,true,false,false,https://sametham.kite.kerala.gov.in/18219,2026-08-14T10:04:46.143004+00:00
18220,GLPS Ponnad,LPS,Government,Malappuram,Kizhisseri,Malappuram (P),1 - 4,324,324,0,14,11,0,2,1,0,1,15,ok,true,false,false,https://sametham.kite.kerala.gov.in/18220,2026-08-14T10:04:48.139671+00:00
18221,GMLPS Pookalathur,LPS,Government,Malappuram,Kizhisseri,Malappuram (P),1 - 4,259,259,0,12,7,0,2,3,0,1,13,ok,true,false,false,https://sametham.kite.kerala.gov.in/18221,2026-08-14T10:04:50.147942+00:00
18222,GLPS Pulpatta,LPS,Government,Malappuram,Kizhisseri,Malappuram (P),1 - 4,140,140,0,8,7,0,1,0,0,0,8,ok,true,false,false,https://sametham.kite.kerala.gov.in/18222,2026-08-14T10:04:52.197370+00:00
18223,GMLPS Thavanur,LPS,Government,Malappuram,Kizhisseri,Malappuram (P),1 - 4,223,223,0,10,8,0,2,0,0,1,11,ok,true,false,false,https://sametham.kite.kerala.gov.in/18223,2026-08-14T10:04:54.149743+00:00
18226,GLPS Valamangalam,LPS,Government,Malappuram,Kizhisseri,Malappuram (P),1 - 4,166,166,0,9,7,0,2,0,0,1,10,ok,true,false,false,https://sametham.kite.kerala.gov.in/18226,2026-08-14T10:04:56.153937+00:00
18228,GLPS Vilayil,LPS,Government,Malappuram,Kizhisseri,Malappuram (P),1 - 4,72,72,0,4,2,0,2,0,1,0,5,ok,true,false,false,https://sametham.kite.kerala.gov.in/18228,2026-08-14T10:04:58.169047+00:00
18230,GLPS Vilayil Parappur,LPS,Government,Malappuram,Kizhisseri,Malappuram (P),1 - 4,155,155,0,7,5,0,2,0,0,0,7,ok,true,false,false,https://sametham.kite.kerala.gov.in/18230,2026-08-14T10:05:00.142115+00:00
18232,G U P S Cheecode,UPS,Government,Malappuram,Kizhisseri,Malappuram (P),1 - 7,523,274,249,25,10,9,6,0,0,2,27,ok,true,false,false,https://sametham.kite.kerala.gov.in/18232,2026-08-14T10:05:02.175849+00:00
18234,GUPS Kadungallur,UPS,Government,Malappuram,Kizhisseri,Malappuram (P),1 - 7,432,206,226,23,11,6,6,0,0,1,24,ok,true,false,false,https://sametham.kite.kerala.gov.in/18234,2026-08-14T10:05:04.156905+00:00
18235,GMUPS Kizhisseri,UPS,Government,Malappuram,Kizhisseri,Malappuram (P),1 - 7,522,276,246,24,11,6,5,2,0,2,26,ok,true,false,false,https://sametham.kite.kerala.gov.in/18235,2026-08-14T10:05:06.171591+00:00
18301,G.M.L.P.S. Akkode,LPS,Government,Malappuram,Kondotty,Malappuram (P),1 - 4,81,81,0,4,2,0,1,1,0,1,5,ok,true,false,false,https://sametham.kite.kerala.gov.in/18301,2026-08-14T10:05:08.155601+00:00
18302,G.M.L.P.S. Alparamba,LPS,Government,Malappuram,Kondotty,Malappuram (P),1 - 4,141,141,0,8,6,0,2,0,0,1,9,ok,true,false,false,https://sametham.kite.kerala.gov.in/18302,2026-08-14T10:05:10.146365+00:00
18305,G.L.P.S. Arimbra Melmuri,LPS,Government,Malappuram,Kondotty,Malappuram (P),1 - 4,222,222,0,11,8,0,3,0,0,1,12,ok,true,false,false,https://sametham.kite.kerala.gov.in/18305,2026-08-14T10:05:12.152858+00:00
18311,G.L.P.S. Elamaram,LPS,Government,Malappuram,Kondotty,Malappuram (P),1 - 4,59,59,0,5,3,0,2,0,0,1,6,ok,true,false,false,https://sametham.kite.kerala.gov.in/18311,2026-08-14T10:05:14.150813+00:00
18315,G.M.L.P.S. Kanhiraparamba,LPS,Government,Malappuram,Kondotty,Kondotty (M),1 - 4,222,222,0,11,8,0,3,0,0,0,11,ok,true,false,false,https://sametham.kite.kerala.gov.in/18315,2026-08-14T10:05:16.156734+00:00
18316,G.L.P.S. Karad,LPS,Government,Malappuram,Kondotty,Malappuram (P),1 - 4,267,267,0,11,9,0,1,1,0,0,11,ok,true,false,false,https://sametham.kite.kerala.gov.in/18316,2026-08-14T10:05:18.159057+00:00
18318,G.M.L.P.S. Karippur,LPS,Government,Malappuram,Kondotty,Malappuram (P),1 - 4,261,261,0,13,10,0,3,0,0,1,14,ok,true,false,false,https://sametham.kite.kerala.gov.in/18318,2026-08-14T10:05:20.150591+00:00
18322,G.M.L.P.S. Kondotty Chungam,LPS,Government,Malappuram,Kondotty,Kondotty (M),1 - 4,72,72,0,5,3,0,2,0,0,1,6,ok,true,false,false,https://sametham.kite.kerala.gov.in/18322,2026-08-14T10:05:22.149457+00:00
18323,G.M.L.P.S. Kondotty,LPS,Government,Malappuram,Kondotty,Kondotty (M),1 - 4,86,86,0,6,4,0,2,0,0,0,6,ok,true,false,false,https://sametham.kite.kerala.gov.in/18323,2026-08-14T10:05:24.156722+00:00
18326,G.M.L.P.S. Kumminiparamba,LPS,Government,Malappuram,Kondotty,Malappuram (P),1 - 4,170,170,0,9,6,0,2,1,0,1,10,ok,true,false,false,https://sametham.kite.kerala.gov.in/18326,2026-08-14T10:05:26.154672+00:00
18329,G.M.L.P.S. Mapprom,LPS,Government,Malappuram,Kondotty,Malappuram (P),1 - 4,84,84,0,5,2,0,2,1,0,1,6,ok,true,false,false,https://sametham.kite.kerala.gov.in/18329,2026-08-14T10:05:28.158470+00:00
18330,G.M.L.P.S. Melangadi,LPS,Government,Malappuram,Kondotty,Kondotty (M),1 - 4,344,344,0,16,12,0,2,2,0,1,17,ok,true,false,false,https://sametham.kite.kerala.gov.in/18330,2026-08-14T10:05:30.192085+00:00
18331,G.L.P.S. Morayur,LPS,Government,Malappuram,Kondotty,Malappuram (P),1 - 4,205,205,0,11,7,0,3,1,0,0,11,ok,true,false,false,https://sametham.kite.kerala.gov.in/18331,2026-08-14T10:05:32.151718+00:00
18332,G.M.L.P.S. Morayur,LPS,Government,Malappuram,Kondotty,Malappuram (P),1 - 4,269,269,0,12,8,0,3,1,0,0,12,ok,true,false,false,https://sametham.kite.kerala.gov.in/18332,2026-08-14T10:05:34.158102+00:00
18335,G.L.P.S. Mundumuzhi,LPS,Government,Malappuram,Kondotty,Malappuram (P),1 - 4,113,113,0,5,5,0,0,0,0,0,5,ok,true,false,false,https://sametham.kite.kerala.gov.in/18335,2026-08-14T10:05:36.161715+00:00
18338,G.L.P.S. Nediyiruppu,UPS,Government,Malappuram,Kondotty,Kondotty (M),1 - 5,135,103,32,8,6,0,2,0,0,0,8,ok,true,false,false,https://sametham.kite.kerala.gov.in/18338,2026-08-14T10:05:38.183405+00:00
18339,G.M.L.P.S. Nediyiruppu,LPS,Government,Malappuram,Kondotty,Kondotty (M),1 - 4,50,50,0,4,3,0,1,0,0,1,5,ok,true,false,false,https://sametham.kite.kerala.gov.in/18339,2026-08-14T10:05:40.169159+00:00
18340,G.W.U.P.S. Nediyiruppu,UPS,Government,Malappuram,Kondotty,Kondotty (M),1 - 7,158,89,69,9,5,2,2,0,0,2,11,ok,true,false,false,https://sametham.kite.kerala.gov.in/18340,2026-08-14T10:05:42.176389+00:00
18346,G.L.P.S. Panikkarapuraya,LPS,Government,Malappuram,Kondotty,Malappuram (P),1 - 4,107,107,0,6,5,0,1,0,0,1,7,ok,true,false,false,https://sametham.kite.kerala.gov.in/18346,2026-08-14T10:05:44.170646+00:00
18349,G.L.P.S. Paravoor,LPS,Government,Malappuram,Kondotty,Malappuram (P),1 - 4,54,54,0,3,2,0,0,1,0,1,4,ok,true,false,false,https://sametham.kite.kerala.gov.in/18349,2026-08-14T10:05:46.171674+00:00
18352,G.L.P.S. Puthucode,LPS,Government,Malappuram,Kondotty,Malappuram (P),1 - 4,208,208,0,8,7,0,1,0,0,1,9,ok,true,false,false,https://sametham.kite.kerala.gov.in/18352,2026-08-14T10:05:48.171705+00:00
18354,G.L.P.S. Thadathilparamba,LPS,Government,Malappuram,Kondotty,Malappuram (P),1 - 4,134,134,0,8,5,0,2,1,0,1,9,ok,true,false,false,https://sametham.kite.kerala.gov.in/18354,2026-08-14T10:05:50.172174+00:00
18356,G.L.P.S. ThurakkaL,LPS,Government,Malappuram,Kondotty,Kondotty (M),1 - 4,245,245,0,10,6,0,2,2,0,0,10,ok,true,false,false,https://sametham.kite.kerala.gov.in/18356,2026-08-14T10:05:52.176491+00:00
18360,G.M.L.P.S. Vazhayur,LPS,Government,Malappuram,Kondotty,Malappuram (P),1 - 4,77,77,0,6,4,0,2,0,0,1,7,ok,true,false,false,https://sametham.kite.kerala.gov.in/18360,2026-08-14T10:05:54.187372+00:00
18362,G.L.P.S. Vettathur,LPS,Government,Malappuram,Kondotty,Malappuram (P),1 - 4,219,219,0,10,7,0,2,1,0,0,10,ok,true,false,false,https://sametham.kite.kerala.gov.in/18362,2026-08-14T10:05:56.175859+00:00
18365,G.M.U.P.S. Arimbra,UPS,Government,Malappuram,Kondotty,Malappuram (P),1 - 7,727,298,429,27,9,7,5,6,0,2,29,ok,true,false,false,https://sametham.kite.kerala.gov.in/18365,2026-08-14T10:05:58.198476+00:00
18368,G.H.S. Chaliyappuram,HS,Government,Malappuram,Kondotty,Malappuram (P),1 -10,1023,322,340,49,11,10,4,24,0,5,54,ok,true,false,false,https://sametham.kite.kerala.gov.in/18368,2026-08-14T10:06:00.192518+00:00
18373,G.M.U.P.S. Chirayil,UPS,Government,Malappuram,Kondotty,Kondotty (M),1 - 7,1053,321,732,46,15,20,9,2,0,2,48,ok,true,false,false,https://sametham.kite.kerala.gov.in/18373,2026-08-14T10:06:02.205852+00:00
18375,G.M.U.P.S. Ozhukur,UPS,Government,Malappuram,Kondotty,Malappuram (P),1 - 7,1204,482,722,51,19,17,10,5,0,2,53,ok,true,false,false,https://sametham.kite.kerala.gov.in/18375,2026-08-14T10:06:04.198507+00:00
18380,G.M.U.P.S. Vazhakkad,UPS,Government,Malappuram,Kondotty,Malappuram (P),1 - 7,469,223,246,27,8,10,7,2,0,1,28,ok,true,false,false,https://sametham.kite.kerala.gov.in/18380,2026-08-14T10:06:06.204630+00:00
18384,G.M.U.P.S. Kondotty,UPS,Government,Malappuram,Kondotty,Kondotty (M),5 -7,811,0,811,35,0,20,8,7,0,0,35,ok,true,false,false,https://sametham.kite.kerala.gov.in/18384,2026-08-14T10:06:08.169648+00:00
18388,G.U.P.S. Neerad,UPS,Government,Malappuram,Kondotty,Kondotty (M),5 -7,142,0,142,7,0,4,3,0,0,0,7,ok,true,false,false,https://sametham.kite.kerala.gov.in/18388,2026-08-14T10:06:10.172406+00:00
18434,G.L.P.S. Choonur,LPS,Government,Malappuram,Malappuram,Malappuram (P),1 - 4,166,166,0,8,6,0,1,1,0,1,9,ok,true,false,false,https://sametham.kite.kerala.gov.in/18434,2026-08-14T10:06:12.174391+00:00
18435,G.L.P.S. Kodur,LPS,Government,Malappuram,Malappuram,Malappuram (P),1 - 4,63,63,0,3,1,0,1,1,0,1,4,ok,true,false,false,https://sametham.kite.kerala.gov.in/18435,2026-08-14T10:06:14.176802+00:00
18436,G.L.P.S. Kottakkal,LPS,Government,Malappuram,Malappuram,Kottakkal (M),1 - 4,120,120,0,4,2,0,2,0,0,1,5,ok,true,false,false,https://sametham.kite.kerala.gov.in/18436,2026-08-14T10:06:16.178796+00:00
18437,G.L.P.S. Malappruam,LPS,Government,Malappuram,Malappuram,Malappuram (M),1 - 4,261,261,0,12,8,0,2,2,0,1,13,ok,true,false,false,https://sametham.kite.kerala.gov.in/18437,2026-08-14T10:06:22.294833+00:00
18438,G.L.P.S. Melmuri North,LPS,Government,Malappuram,Malappuram,Malappuram (M),1 - 4,227,227,0,9,4,0,1,4,0,0,9,ok,true,false,false,https://sametham.kite.kerala.gov.in/18438,2026-08-14T10:06:22.336353+00:00
18439,G.L.P.S. Melmuri South,LPS,Government,Malappuram,Malappuram,Malappuram (M),1 - 4,86,86,0,5,4,0,1,0,0,1,6,ok,true,false,false,https://sametham.kite.kerala.gov.in/18439,2026-08-14T10:06:24.370220+00:00
18440,G.L.P.S. Paranki Moochikkal,LPS,Government,Malappuram,Malappuram,Malappuram (P),1 - 4,367,367,0,12,9,0,3,0,0,1,13,ok,true,false,false,https://sametham.kite.kerala.gov.in/18440,2026-08-14T10:06:26.361106+00:00
18441,G.L.P.S. Peringottupulam,LPS,Government,Malappuram,Malappuram,Malappuram (P),1 - 4,81,81,0,5,2,0,2,1,0,1,6,ok,true,false,false,https://sametham.kite.kerala.gov.in/18441,2026-08-14T10:06:28.358263+00:00
18442,G.L.P.S. Pookottur New,LPS,Government,Malappuram,Malappuram,Malappuram (P),1 - 4,214,214,0,10,8,0,2,0,0,1,11,ok,true,false,false,https://sametham.kite.kerala.gov.in/18442,2026-08-14T10:06:30.360075+00:00
18443,G.L.P.S. Pookottur Old,LPS,Government,Malappuram,Malappuram,Malappuram (P),1 - 4,356,356,0,15,11,0,3,1,0,1,16,ok,true,false,false,https://sametham.kite.kerala.gov.in/18443,2026-08-14T10:06:32.362329+00:00
18444,G.L.P.S. Vadakkemanna,LPS,Government,Malappuram,Malappuram,Malappuram (P),1 - 4,54,54,0,5,3,0,2,0,0,1,6,ok,true,false,false,https://sametham.kite.kerala.gov.in/18444,2026-08-14T10:06:34.362733+00:00
18446,G.M.L.P.S. Athanikkal,LPS,Government,Malappuram,Malappuram,Malappuram (P),1 - 4,69,69,0,5,3,0,2,0,0,1,6,ok,true,false,false,https://sametham.kite.kerala.gov.in/18446,2026-08-14T10:06:36.364254+00:00
18447,G.M.L.P.S. Chappanangadi,LPS,Government,Malappuram,Malappuram,Malappuram (P),1 - 4,257,257,0,12,9,0,3,0,0,0,12,ok,true,false,false,https://sametham.kite.kerala.gov.in/18447,2026-08-14T10:06:38.359603+00:00
18448,G.M.L.P.S. Irumbuzhi,LPS,Government,Malappuram,Malappuram,Malappuram (P),1 - 4,256,256,0,12,9,0,2,1,0,1,13,ok,true,false,false,https://sametham.kite.kerala.gov.in/18448,2026-08-14T10:06:40.365322+00:00
18449,G.M.L.P.S. Kolmanna,LPS,Government,Malappuram,Malappuram,Malappuram (M),1 - 4,54,54,0,3,3,0,0,0,0,0,3,ok,true,false,false,https://sametham.kite.kerala.gov.in/18449,2026-08-14T10:06:42.358223+00:00
18450,G.M.L.P.S. Kuttasserikulamba,LPS,Government,Malappuram,Malappuram,Malappuram (P),1 - 4,258,258,0,13,9,0,3,1,0,1,14,ok,true,false,false,https://sametham.kite.kerala.gov.in/18450,2026-08-14T10:06:44.363166+00:00
18451,G.M.L.P.S. Melmuri Central,LPS,Government,Malappuram,Malappuram,Malappuram (M),1 - 4,75,75,0,5,3,0,2,0,0,1,6,ok,true,false,false,https://sametham.kite.kerala.gov.in/18451,2026-08-14T10:06:46.367647+00:00
18452,G.M.L.P.S. Ponmala,LPS,Government,Malappuram,Malappuram,Malappuram (P),1 - 4,51,51,0,5,3,0,2,0,0,1,6,ok,true,false,false,https://sametham.kite.kerala.gov.in/18452,2026-08-14T10:06:48.842984+00:00
18461,G.M.L.P.S. Pookottur,UPS,Government,Malappuram,Malappuram,Malappuram (P),1 - 5,74,61,13,4,4,0,0,0,0,1,5,ok,true,false,false,https://sametham.kite.kerala.gov.in/18461,2026-08-14T10:06:50.503664+00:00
18471,G.M.U.P.S. Chemmankadavu,UPS,Government,Malappuram,Malappuram,Malappuram (P),1 - 7,733,176,557,36,8,15,8,5,0,2,38,ok,true,false,false,https://sametham.kite.kerala.gov.in/18471,2026-08-14T10:06:52.405134+00:00
18472,G.M.U.P.S. Irumbuzhi,UPS,Government,Malappuram,Malappuram,Malappuram (P),1 - 7,1060,421,639,43,12,16,10,5,0,4,47,ok,true,false,false,https://sametham.kite.kerala.gov.in/18472,2026-08-14T10:06:54.391586+00:00
18473,G.M.U.P.S. Kottakkal,UPS,Government,Malappuram,Malappuram,Kottakkal (M),1 - 7,720,289,431,27,11,8,6,2,0,2,29,ok,true,false,false,https://sametham.kite.kerala.gov.in/18473,2026-08-14T10:06:56.387457+00:00
18474,G.M.U.P.S. Melmuri,UPS,Government,Malappuram,Malappuram,Malappuram (M),1 - 7,895,491,404,32,15,8,7,2,0,2,34,ok,true,false,false,https://sametham.kite.kerala.gov.in/18474,2026-08-14T10:06:58.423776+00:00
18475,G.U.P.S. Kottakkal,UPS,Government,Malappuram,Malappuram,Kottakkal (M),1 - 7,600,285,315,23,11,6,3,3,0,2,25,ok,true,false,false,https://sametham.kite.kerala.gov.in/18475,2026-08-14T10:07:00.393474+00:00
18476,G.U.P.S. Muthiriparamba,UPS,Government,Malappuram,Malappuram,Malappuram (P),1 - 7,485,262,223,21,9,2,4,6,0,0,21,ok,true,false,false,https://sametham.kite.kerala.gov.in/18476,2026-08-14T10:07:02.390700+00:00
18477,G.U.P.S. Ponmala,UPS,Government,Malappuram,Malappuram,Malappuram (P),1 - 7,590,242,348,22,9,8,3,2,0,1,23,ok,true,false,false,https://sametham.kite.kerala.gov.in/18477,2026-08-14T10:07:04.399088+00:00
18505,G.L.P.S. Arukizhaya,LPS,Government,Malappuram,Manjeri,Manjeri (M),1 - 4,60,60,0,2,1,0,0,1,0,1,3,ok,true,false,false,https://sametham.kite.kerala.gov.in/18505,2026-08-14T10:07:06.367296+00:00
18506,G.L.P.S. Chalippadam,LPS,Government,Malappuram,Manjeri,Malappuram (P),1 - 4,99,99,0,6,5,0,1,0,0,0,6,ok,true,false,false,https://sametham.kite.kerala.gov.in/18506,2026-08-14T10:07:08.395947+00:00
18507,G.L.P.S. Chembakuth,LPS,Government,Malappuram,Manjeri,Malappuram (P),1 - 4,53,53,0,5,2,0,1,2,0,0,5,ok,true,false,false,https://sametham.kite.kerala.gov.in/18507,2026-08-14T10:07:10.377625+00:00
18508,G.L.P.S. Cherukulam,LPS,Government,Malappuram,Manjeri,Malappuram (P),1 - 4,185,185,0,11,8,0,3,0,0,1,12,ok,true,false,false,https://sametham.kite.kerala.gov.in/18508,2026-08-14T10:07:12.374204+00:00
18510,G.L.P.S. Cheruvannur,LPS,Government,Malappuram,Manjeri,Malappuram (P),1 - 4,230,230,0,10,9,0,1,0,0,1,11,ok,true,false,false,https://sametham.kite.kerala.gov.in/18510,2026-08-14T10:07:14.369284+00:00
18514,G.M.L.P.S. Edavanna,LPS,Government,Malappuram,Manjeri,Malappuram (P),1 - 4,160,160,0,8,7,0,1,0,0,1,9,ok,true,false,false,https://sametham.kite.kerala.gov.in/18514,2026-08-14T10:07:16.375880+00:00
18515,G.M.L.P.S. Eranhikode,LPS,Government,Malappuram,Manjeri,Malappuram (P),1 - 4,162,162,0,10,8,0,2,0,0,1,11,ok,true,false,false,https://sametham.kite.kerala.gov.in/18515,2026-08-14T10:07:18.372480+00:00
18517,G.M.L.P.S. Karakunnu,LPS,Government,Malappuram,Manjeri,Malappuram (P),1 - 4,179,179,0,10,8,0,2,0,0,0,10,ok,true,false,false,https://sametham.kite.kerala.gov.in/18517,2026-08-14T10:07:20.370482+00:00
18521,G.L.P.S. Karuvambrum West,LPS,Government,Malappuram,Manjeri,Manjeri (M),1 - 4,58,58,0,4,3,0,1,0,0,1,5,ok,true,false,false,https://sametham.kite.kerala.gov.in/18521,2026-08-14T10:07:22.373930+00:00
18523,G.M.L.P.S. Kidangazhi,LPS,Government,Malappuram,Manjeri,Manjeri (M),1 - 4,303,303,0,15,12,0,3,0,0,1,16,ok,true,false,false,https://sametham.kite.kerala.gov.in/18523,2026-08-14T10:07:24.376601+00:00
18524,G.L.P.S. Kizhakkuparamba,LPS,Government,Malappuram,Manjeri,Malappuram (P),1 - 4,180,180,0,9,7,0,2,0,0,1,10,ok,true,false,false,https://sametham.kite.kerala.gov.in/18524,2026-08-14T10:07:26.371868+00:00
18525,G.M.L.P.S. Kodasseri,LPS,Government,Malappuram,Manjeri,Malappuram (P),1 - 4,378,378,0,13,10,0,2,1,0,1,14,ok,true,false,false,https://sametham.kite.kerala.gov.in/18525,2026-08-14T10:07:28.373129+00:00
18528,G.M.L.P.S. Mangalasseri,LPS,Government,Malappuram,Manjeri,Manjeri (M),1 - 4,322,322,0,14,11,0,2,1,0,0,14,ok,true,false,false,https://sametham.kite.kerala.gov.in/18528,2026-08-14T10:07:30.393834+00:00
18529,G.M.L.P.S. Manhapatta,LPS,Government,Malappuram,Manjeri,Malappuram (P),1 - 4,200,200,0,9,7,0,2,0,0,1,10,ok,true,false,false,https://sametham.kite.kerala.gov.in/18529,2026-08-14T10:07:32.379118+00:00
18531,G.M.L.P.S. Manjeri East,LPS,Government,Malappuram,Manjeri,Manjeri (M),1 - 4,61,61,0,3,3,0,0,0,0,1,4,ok,true,false,false,https://sametham.kite.kerala.gov.in/18531,2026-08-14T10:07:34.381624+00:00
18532,G.L.P.S. Manjeri,LPS,Government,Malappuram,Manjeri,Manjeri (M),1 - 4,365,365,0,17,15,0,2,0,1,1,19,ok,true,false,false,https://sametham.kite.kerala.gov.in/18532,2026-08-14T10:07:36.379876+00:00
18533,G.M.L.P.S. Manjeri,LPS,Government,Malappuram,Manjeri,Manjeri (M),1 - 4,48,48,0,4,3,0,1,0,0,0,4,ok,true,false,false,https://sametham.kite.kerala.gov.in/18533,2026-08-14T10:07:38.378307+00:00
18534,G.M.L.P.S. Manjeri South,LPS,Government,Malappuram,Manjeri,Manjeri (M),1 - 4,34,34,0,4,3,0,1,0,0,1,5,ok,true,false,false,https://sametham.kite.kerala.gov.in/18534,2026-08-14T10:07:40.377845+00:00
18535,G M L P S Mariyad,LPS,Government,Malappuram,Manjeri,Manjeri (M),1 - 4,149,149,0,4,3,0,1,0,0,1,5,ok,true,false,false,https://sametham.kite.kerala.gov.in/18535,2026-08-14T10:07:42.384271+00:00
18538,G.L.P.S. Narukara,LPS,Government,Malappuram,Manjeri,Manjeri (M),1 - 4,71,71,0,6,3,0,2,1,0,1,7,ok,true,false,false,https://sametham.kite.kerala.gov.in/18538,2026-08-14T10:07:44.382125+00:00
18539,G.M.L.P.S. Nellikuth North,LPS,Government,Malappuram,Manjeri,Manjeri (M),1 - 4,227,227,0,11,7,0,3,1,0,0,11,ok,true,false,false,https://sametham.kite.kerala.gov.in/18539,2026-08-14T10:07:46.382836+00:00
18540,G.M.L.P.S. Odompatta,LPS,Government,Malappuram,Manjeri,Malappuram (P),1 - 4,155,155,0,9,7,0,2,0,0,1,10,ok,true,false,false,https://sametham.kite.kerala.gov.in/18540,2026-08-14T10:07:48.378565+00:00
18541,G.L.P.S. Pandallur,LPS,Government,Malappuram,Manjeri,Malappuram (P),1 - 4,290,290,0,13,7,0,3,3,0,0,13,ok,true,false,false,https://sametham.kite.kerala.gov.in/18541,2026-08-14T10:07:50.381540+00:00
18542,G M L P S Pandallur,LPS,Government,Malappuram,Manjeri,Malappuram (P),1 - 4,234,234,0,10,7,0,1,2,0,1,11,ok,true,false,false,https://sametham.kite.kerala.gov.in/18542,2026-08-14T10:07:52.385522+00:00
18548,G.M.L.P.S. Pathappiriyam,LPS,Government,Malappuram,Manjeri,Malappuram (P),1 - 4,232,232,0,8,6,0,1,1,0,1,9,ok,true,false,false,https://sametham.kite.kerala.gov.in/18548,2026-08-14T10:07:54.383503+00:00
18551,G.L.P.S. Pulath,LPS,Government,Malappuram,Manjeri,Malappuram (P),1 - 4,181,181,0,9,7,0,2,0,0,1,10,ok,true,false,false,https://sametham.kite.kerala.gov.in/18551,2026-08-14T10:07:56.383378+00:00
18553,G.L.P.S. Ramankulam,LPS,Government,Malappuram,Manjeri,Manjeri (M),1 - 4,166,166,0,10,7,0,3,0,0,0,10,ok,true,false,false,https://sametham.kite.kerala.gov.in/18553,2026-08-14T10:07:58.393079+00:00
18554,G.L.P.S. Theyyampadikuth,LPS,Government,Malappuram,Manjeri,Malappuram (P),1 - 4,93,93,0,7,4,0,3,0,0,1,8,ok,true,false,false,https://sametham.kite.kerala.gov.in/18554,2026-08-14T10:08:00.384509+00:00
18555,G.L.P.S. Thottupoyil,LPS,Government,Malappuram,Manjeri,Manjeri (M),1 - 4,154,154,0,8,7,0,1,0,0,1,9,ok,true,false,false,https://sametham.kite.kerala.gov.in/18555,2026-08-14T10:08:02.391901+00:00
18557,G.L.P.S. Valarad,LPS,Government,Malappuram,Manjeri,Malappuram (P),1 - 4,136,136,0,7,4,0,2,1,0,1,8,ok,true,false,false,https://sametham.kite.kerala.gov.in/18557,2026-08-14T10:08:04.384749+00:00
18562,G.U.P.S. Vettekkode,UPS,Government,Malappuram,Manjeri,Manjeri (M),1 - 7,318,147,171,16,8,4,3,1,0,1,17,ok,true,false,false,https://sametham.kite.kerala.gov.in/18562,2026-08-14T10:08:06.393727+00:00
18563,G.L.P.S. Vettikkattiri,LPS,Government,Malappuram,Manjeri,Malappuram (P),1 - 4,107,107,0,5,4,0,1,0,0,1,6,ok,true,false,false,https://sametham.kite.kerala.gov.in/18563,2026-08-14T10:08:08.387665+00:00
18565,G.L.P.S. Cherankuth,UPS,Government,Malappuram,Manjeri,Malappuram (P),1 - 5,91,69,22,6,4,0,1,1,0,1,7,ok,true,false,false,https://sametham.kite.kerala.gov.in/18565,2026-08-14T10:08:10.432826+00:00
18566,K.M Musthafa Memorial G.L.P.S. Mundengara,UPS,Government,Malappuram,Manjeri,Malappuram (P),1 - 5,108,80,28,6,4,0,2,0,0,1,7,ok,true,false,false,https://sametham.kite.kerala.gov.in/18566,2026-08-14T10:08:12.444423+00:00
18567,G.M.L.P.S. Pandikkad,UPS,Government,Malappuram,Manjeri,Malappuram (P),1 - 5,179,152,27,8,6,0,2,0,0,1,9,ok,true,false,false,https://sametham.kite.kerala.gov.in/18567,2026-08-14T10:08:14.397805+00:00
18568,G.L.P.S. Pookkuth,UPS,Government,Malappuram,Manjeri,Malappuram (P),1 - 5,210,167,43,11,8,0,2,1,0,1,12,ok,true,false,false,https://sametham.kite.kerala.gov.in/18568,2026-08-14T10:08:16.389752+00:00
18569,G.U.P.S. Anakkayam,UPS,Government,Malappuram,Manjeri,Malappuram (P),1 - 7,414,146,268,20,7,4,4,5,0,2,22,ok,true,false,false,https://sametham.kite.kerala.gov.in/18569,2026-08-14T10:08:18.423636+00:00
18572,G.U.P.S. Elankur,UPS,Government,Malappuram,Manjeri,Malappuram (P),1 - 7,450,249,201,20,9,7,3,1,0,1,21,ok,true,false,false,https://sametham.kite.kerala.gov.in/18572,2026-08-14T10:08:20.391444+00:00
18574,G U P S Pullur,UPS,Government,Malappuram,Manjeri,Manjeri (M),1 - 7,935,324,611,38,11,14,7,6,0,2,40,ok,true,false,false,https://sametham.kite.kerala.gov.in/18574,2026-08-14T10:08:22.419810+00:00
18575,G.U.P.S. Manjeri,UPS,Government,Malappuram,Manjeri,Manjeri (M),1 - 7,302,144,158,21,8,8,3,2,0,2,23,ok,true,false,false,https://sametham.kite.kerala.gov.in/18575,2026-08-14T10:08:24.417701+00:00
18576,G.M.U.P.S. Melakkam,UPS,Government,Malappuram,Manjeri,Manjeri (M),1 - 7,216,105,111,10,4,1,2,3,0,2,12,ok,true,false,false,https://sametham.kite.kerala.gov.in/18576,2026-08-14T10:08:26.392595+00:00
18578,G.U.P.S. Pathappiriyam,UPS,Government,Malappuram,Manjeri,Malappuram (P),1 - 7,715,345,370,37,15,12,8,2,0,1,38,ok,true,false,false,https://sametham.kite.kerala.gov.in/18578,2026-08-14T10:08:28.421404+00:00
18583,G.U.P.S. Veembur,UPS,Government,Malappuram,Manjeri,Manjeri (M),1 - 7,488,213,275,22,8,9,5,0,0,2,24,ok,true,false,false,https://sametham.kite.kerala.gov.in/18583,2026-08-14T10:08:30.427558+00:00
18586,Anakkayam GP Govt. UP School Pandallur,UPS,Government,Malappuram,Manjeri,Malappuram (P),5 -7,946,0,946,33,0,23,9,1,0,2,35,ok,true,false,false,https://sametham.kite.kerala.gov.in/18586,2026-08-14T10:08:32.394189+00:00
18588,G.M.U.P.S. Vettikattiri,UPS,Government,Malappuram,Manjeri,Malappuram (P),5 -7,198,0,198,9,0,5,3,1,0,1,10,ok,true,false,false,https://sametham.kite.kerala.gov.in/18588,2026-08-14T10:08:34.401480+00:00
18590,GLPS ANAKKOTTUPURAM,LPS,Government,Malappuram,Manjeri,Malappuram (P),1 - 4,174,174,0,9,6,0,2,1,0,1,10,ok,true,false,false,https://sametham.kite.kerala.gov.in/18590,2026-08-14T10:08:36.405291+00:00
18592,GMLP School ANAKKAYAM,LPS,Government,Malappuram,Manjeri,Malappuram (P),1 - 4,57,57,0,4,2,0,1,1,0,1,5,ok,true,false,false,https://sametham.kite.kerala.gov.in/18592,2026-08-14T10:08:38.392737+00:00
18607,G L P S Chovana,LPS,Government,Malappuram,Mankada,Malappuram (P),1 - 4,113,113,0,6,4,0,2,0,0,0,6,ok,true,false,false,https://sametham.kite.kerala.gov.in/18607,2026-08-14T10:08:40.419047+00:00
18612,G L P S Karkidakam,LPS,Government,Malappuram,Mankada,Malappuram (P),1 - 4,130,130,0,6,3,0,2,1,0,1,7,ok,true,false,false,https://sametham.kite.kerala.gov.in/18612,2026-08-14T10:08:42.409239+00:00
18616,G L P S Kuruva,LPS,Government,Malappuram,Mankada,Malappuram (P),1 - 4,212,212,0,10,8,0,2,0,0,1,11,ok,true,false,false,https://sametham.kite.kerala.gov.in/18616,2026-08-14T10:08:44.397411+00:00
18618,G L P S Mankada,LPS,Government,Malappuram,Mankada,Malappuram (P),1 - 4,261,261,0,12,10,0,2,0,0,1,13,ok,true,false,false,https://sametham.kite.kerala.gov.in/18618,2026-08-14T10:08:46.404551+00:00
18626,G L P S Palakaparambil,LPS,Government,Malappuram,Mankada,Malappuram (P),1 - 4,99,99,0,5,1,0,2,2,0,1,6,ok,true,false,false,https://sametham.kite.kerala.gov.in/18626,2026-08-14T10:08:48.395683+00:00
18628,G L P S Pang,LPS,Government,Malappuram,Mankada,Malappuram (P),1 - 4,111,111,0,5,4,0,1,0,0,1,6,ok,true,false,false,https://sametham.kite.kerala.gov.in/18628,2026-08-14T10:08:50.402323+00:00
18634,G L P S Meenarkuzhi,LPS,Government,Malappuram,Mankada,Malappuram (P),1 - 4,173,173,0,8,5,0,2,1,0,1,9,ok,true,false,false,https://sametham.kite.kerala.gov.in/18634,2026-08-14T10:08:52.400747+00:00
18636,G L P S Pooppalam Valambur,LPS,Government,Malappuram,Mankada,Malappuram (P),1 - 4,47,47,0,5,3,0,2,0,0,1,6,ok,true,false,false,https://sametham.kite.kerala.gov.in/18636,2026-08-14T10:08:54.408072+00:00
18637,G L P S Pothukundu,LPS,Government,Malappuram,Mankada,Malappuram (P),1 - 4,106,106,0,5,3,0,2,0,0,1,6,ok,true,false,false,https://sametham.kite.kerala.gov.in/18637,2026-08-14T10:08:56.399856+00:00
18640,G L P S Puthanangadi,LPS,Government,Malappuram,Mankada,Malappuram (P),1 - 4,129,129,0,6,4,0,2,0,0,1,7,ok,true,false,false,https://sametham.kite.kerala.gov.in/18640,2026-08-14T10:08:58.400486+00:00
18645,G M L P S Vadakkangara,LPS,Government,Malappuram,Mankada,Malappuram (P),1 - 4,234,234,0,11,8,0,3,0,0,1,12,ok,true,false,false,https://sametham.kite.kerala.gov.in/18645,2026-08-14T10:09:00.401991+00:00
18651,G L P S Vallikkapatta,LPS,Government,Malappuram,Mankada,Malappuram (P),1 - 4,79,79,0,5,4,0,1,0,0,0,5,ok,true,false,false,https://sametham.kite.kerala.gov.in/18651,2026-08-14T10:09:02.407463+00:00
18653,G L P S Vellila,LPS,Government,Malappuram,Mankada,Malappuram (P),1 - 4,326,326,0,13,11,0,2,0,0,0,13,ok,true,false,false,https://sametham.kite.kerala.gov.in/18653,2026-08-14T10:09:04.402257+00:00
18657,G L P S Padinhattummuri,UPS,Government,Malappuram,Mankada,Malappuram (P),1 - 5,438,354,84,18,15,0,2,1,0,1,19,ok,true,false,false,https://sametham.kite.kerala.gov.in/18657,2026-08-14T10:09:06.399262+00:00
18660,G U P S Koottilangadi,UPS,Government,Malappuram,Mankada,Malappuram (P),1 - 7,489,230,259,18,8,4,4,2,0,2,20,ok,true,false,false,https://sametham.kite.kerala.gov.in/18660,2026-08-14T10:09:08.453863+00:00
18664,G U P S Mankada Pallippuram,UPS,Government,Malappuram,Mankada,Malappuram (P),1 - 7,647,317,330,30,11,7,6,6,0,2,32,ok,true,false,false,https://sametham.kite.kerala.gov.in/18664,2026-08-14T10:09:10.429181+00:00
18666,Govt. U P School Pang,UPS,Government,Malappuram,Mankada,Malappuram (P),1 - 7,893,279,614,37,13,16,5,3,0,1,38,ok,true,false,false,https://sametham.kite.kerala.gov.in/18666,2026-08-14T10:09:12.435186+00:00
18674,G U P S Panagangara,UPS,Government,Malappuram,Mankada,Malappuram (P),5 -7,340,0,340,16,0,10,5,1,0,1,17,ok,true,false,false,https://sametham.kite.kerala.gov.in/18674,2026-08-14T10:09:14.403065+00:00
18677,MPGUP SCHOOL VADAKKANGARA,UPS,Government,Malappuram,Mankada,Malappuram (P),5 -7,482,0,482,24,0,16,7,1,0,1,25,ok,true,false,false,https://sametham.kite.kerala.gov.in/18677,2026-08-14T10:09:16.406324+00:00
18705,GLPS Arakkuparamba,LPS,Government,Malappuram,Perinthalmanna,Malappuram (P),1 - 4,158,158,0,9,7,0,2,0,0,1,10,ok,true,false,false,https://sametham.kite.kerala.gov.in/18705,2026-08-14T10:09:18.410187+00:00
18715,GMLPS Kakkooth,LPS,Government,Malappuram,Perinthalmanna,Perinthalmanna (M),1 - 4,49,49,0,4,2,0,1,1,0,1,5,ok,true,false,false,https://sametham.kite.kerala.gov.in/18715,2026-08-14T10:09:20.414516+00:00
18716,GLPS Kunnakkavu,LPS,Government,Malappuram,Perinthalmanna,Malappuram (P),1 - 4,338,338,0,17,13,0,3,1,0,1,18,ok,true,false,false,https://sametham.kite.kerala.gov.in/18716,2026-08-14T10:09:22.405719+00:00
18717,GLPS Kappumugham,LPS,Government,Malappuram,Perinthalmanna,Malappuram (P),1 - 4,129,129,0,7,5,0,2,0,0,0,7,ok,true,false,false,https://sametham.kite.kerala.gov.in/18717,2026-08-14T10:09:24.406701+00:00
18723,GMLPS Muthiramanna,LPS,Government,Malappuram,Perinthalmanna,Malappuram (P),1 - 4,69,69,0,3,1,0,1,1,0,1,4,ok,true,false,false,https://sametham.kite.kerala.gov.in/18723,2026-08-14T10:09:26.411424+00:00
18725,GLPS Pallikunnu,LPS,Government,Malappuram,Perinthalmanna,Malappuram (P),1 - 4,170,170,0,9,7,0,2,0,0,1,10,ok,true,false,false,https://sametham.kite.kerala.gov.in/18725,2026-08-14T10:09:28.409788+00:00
18728,GLPS Parakkalmukku,LPS,Government,Malappuram,Perinthalmanna,Malappuram (P),1 - 4,75,75,0,4,3,0,1,0,0,1,5,ok,true,false,false,https://sametham.kite.kerala.gov.in/18728,2026-08-14T10:09:30.410123+00:00
18730,GMLPS Perinthalmanna Central,LPS,Government,Malappuram,Perinthalmanna,Perinthalmanna (M),1 - 4,290,290,0,12,8,0,2,2,0,1,13,ok,true,false,false,https://sametham.kite.kerala.gov.in/18730,2026-08-14T10:09:32.416246+00:00
18731,GLPS Perinthalmanna East,LPS,Government,Malappuram,Perinthalmanna,Perinthalmanna (M),1 - 4,171,171,0,9,5,0,2,2,0,0,9,ok,true,false,false,https://sametham.kite.kerala.gov.in/18731,2026-08-14T10:09:34.412158+00:00
18732,GLPS Perinthalmanna West,LPS,Government,Malappuram,Perinthalmanna,Perinthalmanna (M),1 - 4,50,50,0,5,3,0,2,0,0,1,6,ok,true,false,false,https://sametham.kite.kerala.gov.in/18732,2026-08-14T10:09:36.428543+00:00
18736,GMLPS Puthur,LPS,Government,Malappuram,Perinthalmanna,Malappuram (P),1 - 4,231,231,0,11,9,0,2,0,0,1,12,ok,true,false,false,https://sametham.kite.kerala.gov.in/18736,2026-08-14T10:09:38.422485+00:00
18737,GMLPS Thazhekode,LPS,Government,Malappuram,Perinthalmanna,Malappuram (P),1 - 4,511,511,0,19,16,0,3,0,0,1,20,ok,true,false,false,https://sametham.kite.kerala.gov.in/18737,2026-08-14T10:09:40.407987+00:00
18739,GMLPS Thootha,LPS,Government,Malappuram,Perinthalmanna,Malappuram (P),1 - 4,153,153,0,7,4,0,2,1,0,1,8,ok,true,false,false,https://sametham.kite.kerala.gov.in/18739,2026-08-14T10:09:42.413992+00:00
18758,GMUPS Valapuram,UPS,Government,Malappuram,Perinthalmanna,Malappuram (P),1 - 7,587,208,379,29,10,9,7,3,0,2,31,ok,true,false,false,https://sametham.kite.kerala.gov.in/18758,2026-08-14T10:09:44.432725+00:00
19002,G M H S S C U Campus,HSS,Government,Thirurangadi,Vengara,Malappuram (P),5 - 12,1464,0,379,64,0,7,4,53,0,5,69,ok,true,true,false,https://sametham.kite.kerala.gov.in/19002,2026-08-14T10:09:46.439671+00:00
19008,G. H. S. S. Tirurangadi,HSS,Government,Thirurangadi,Parappanangadi,Tirurangadi (M),5 - 12,1656,0,422,59,0,13,2,44,0,7,66,ok,true,true,false,https://sametham.kite.kerala.gov.in/19008,2026-08-14T10:09:48.447224+00:00
19013,GVHSS Vengara,VHSE,Government,Thirurangadi,Vengara,Malappuram (P),5 - 12,865,0,276,39,0,10,2,27,0,4,43,ok,true,true,true,https://sametham.kite.kerala.gov.in/19013,2026-08-14T10:09:50.438451+00:00
19014,GMVHSS Vengara Town,VHSE,Government,Thirurangadi,Vengara,Malappuram (P),1 - 12,1004,132,365,47,8,12,3,24,0,6,53,ok,true,true,true,https://sametham.kite.kerala.gov.in/19014,2026-08-14T10:09:52.444509+00:00
19016,G. B. H. S. S. Tirur,HSS,Government,Tirur,Tirur,Thirur (M),5 - 12,2662,0,405,90,0,11,3,76,0,4,94,ok,true,true,false,https://sametham.kite.kerala.gov.in/19016,2026-08-14T10:09:54.448321+00:00
19020,Govt.V. H. S. S for Girls. Tirur,VHSE,Government,Tirur,Tirur,Malappuram (P),5 - 12,425,0,103,25,0,6,0,19,0,3,28,ok,true,true,true,https://sametham.kite.kerala.gov.in/19020,2026-08-14T10:09:56.448399+00:00
19022,G. V. H. S. S. Kalpakanchery,VHSE,Government,Tirur,Kuttippuram,Malappuram (P),5 - 12,1828,0,795,63,0,23,3,37,0,3,66,ok,true,true,true,https://sametham.kite.kerala.gov.in/19022,2026-08-14T10:09:58.455511+00:00
19024,G. H. S. S. Kattilangadi,HSS,Government,Thirurangadi,Tanur,Tanur (M),1 - 12,1166,278,394,52,13,13,3,23,0,5,57,ok,true,true,false,https://sametham.kite.kerala.gov.in/19024,2026-08-14T10:10:00.442748+00:00
19026,D. G. H. S. S. Tanur,HSS,Government,Thirurangadi,Tanur,Malappuram (P),5 - 12,3253,0,892,103,0,24,6,73,0,3,106,ok,true,true,false,https://sametham.kite.kerala.gov.in/19026,2026-08-14T10:10:02.447246+00:00
19034,G. H. S. S. Kadanchery,HSS,Government,Tirur,Edappal,Malappuram (P),1 - 12,631,41,165,26,1,6,0,19,0,2,28,ok,true,true,false,https://sametham.kite.kerala.gov.in/19034,2026-08-14T10:10:04.444360+00:00
19040,G. H. S. S. Kuttippuram,HSS,Government,Tirur,Kuttippuram,Malappuram (P),5 - 12,1316,0,183,50,0,7,1,42,0,4,54,ok,true,true,false,https://sametham.kite.kerala.gov.in/19040,2026-08-14T10:10:06.448885+00:00
19042,G. H. S. S. Perassannur,HSS,Government,Tirur,Kuttippuram,Malappuram (P),1 - 12,721,145,228,30,7,5,2,16,0,5,35,ok,true,true,false,https://sametham.kite.kerala.gov.in/19042,2026-08-14T10:10:08.452855+00:00
19043,P. C. N. G. H. S. S. Mookkuthala,HSS,Government,Tirur,Edappal,Malappuram (P),5 - 12,2409,0,509,87,0,12,3,72,0,6,93,ok,true,true,false,https://sametham.kite.kerala.gov.in/19043,2026-08-14T10:10:10.447868+00:00
19045,G. H. S. S. Trikkavu,HSS,Government,Tirur,Ponnani,Ponnani (M),1 - 12,707,142,216,35,6,9,2,18,0,2,37,ok,true,true,false,https://sametham.kite.kerala.gov.in/19045,2026-08-14T10:10:12.451815+00:00
19054,G. H. S. S. Maranchery,HSS,Government,Tirur,Ponnani,Malappuram (P),1 - 12,2311,47,316,81,4,7,3,67,1,7,89,ok,true,true,false,https://sametham.kite.kerala.gov.in/19054,2026-08-14T10:10:14.449000+00:00
19055,G. H. S. S. Veliancode,HSS,Government,Tirur,Ponnani,Malappuram (P),5 - 12,343,0,83,11,0,4,0,7,0,4,15,ok,true,true,false,https://sametham.kite.kerala.gov.in/19055,2026-08-14T10:10:16.446078+00:00
19063,G.H. S. S. Kokkur,HSS,Government,Tirur,Edappal,Malappuram (P),1 - 12,750,113,226,36,5,10,3,18,0,1,37,ok,true,true,false,https://sametham.kite.kerala.gov.in/19063,2026-08-14T10:10:18.447956+00:00
19067,G. H. S. S. Cheriyamundam,HSS,Government,Thirurangadi,Tanur,Malappuram (P),5 - 12,276,0,114,13,0,3,1,9,0,4,17,ok,true,true,false,https://sametham.kite.kerala.gov.in/19067,2026-08-14T10:10:20.442877+00:00
19073,GHSS Peruvallur,HSS,Government,Thirurangadi,Vengara,Malappuram (P),1 - 12,1733,243,363,67,8,12,6,41,0,6,73,ok,true,true,false,https://sametham.kite.kerala.gov.in/19073,2026-08-14T10:10:22.454830+00:00
19077,GHSS Puthuparamba,HSS,Government,Thirurangadi,Vengara,Malappuram (P),1 - 12,1574,555,533,61,19,11,5,26,0,4,65,ok,true,true,false,https://sametham.kite.kerala.gov.in/19077,2026-08-14T10:10:24.454133+00:00
19119,G. H. S. S. Ponmundam,HSS,Government,Thirurangadi,Tanur,Malappuram (P),1 - 12,971,217,365,42,10,12,3,17,0,4,46,ok,true,true,false,https://sametham.kite.kerala.gov.in/19119,2026-08-14T10:10:26.463908+00:00
19201,G. L. P. S. Alankode,LPS,Government,Tirur,Edappal,Malappuram (P),1 - 4,44,44,0,5,1,0,2,2,0,1,6,ok,true,false,false,https://sametham.kite.kerala.gov.in/19201,2026-08-14T10:10:28.424576+00:00
19205,G. L. P. S. Chiyanur,LPS,Government,Tirur,Edappal,Malappuram (P),1 - 4,83,83,0,5,2,0,1,2,0,1,6,ok,true,false,false,https://sametham.kite.kerala.gov.in/19205,2026-08-14T10:10:30.417741+00:00
19206,G. L. P. S. Edappal,LPS,Government,Tirur,Edappal,Malappuram (P),1 - 4,80,80,0,5,4,0,1,0,0,1,6,ok,true,false,false,https://sametham.kite.kerala.gov.in/19206,2026-08-14T10:10:32.423899+00:00
19208,G. L. P. S. Kaladi,LPS,Government,Tirur,Edappal,Malappuram (P),1 - 4,181,181,0,9,6,0,2,1,0,1,10,ok,true,false,false,https://sametham.kite.kerala.gov.in/19208,2026-08-14T10:10:34.423116+00:00
19210,Padikkal KalyaniAMMA Memorial G L P S Kallurma,LPS,Government,Tirur,Edappal,Malappuram (P),1 - 4,55,55,0,5,3,0,2,0,0,0,5,ok,true,false,false,https://sametham.kite.kerala.gov.in/19210,2026-08-14T10:10:36.426351+00:00
19214,G. L. P. S. Mookkuthala,LPS,Government,Tirur,Edappal,Malappuram (P),1 - 4,180,180,0,9,7,0,1,1,0,1,10,ok,true,false,false,https://sametham.kite.kerala.gov.in/19214,2026-08-14T10:10:38.423236+00:00
19216,G. B. L. P. S. Mudur,LPS,Government,Tirur,Edappal,Malappuram (P),1 - 4,75,75,0,4,1,0,1,2,0,1,5,ok,true,false,false,https://sametham.kite.kerala.gov.in/19216,2026-08-14T10:10:40.424515+00:00
19218,G. L. P. S. Nariparamba,LPS,Government,Tirur,Edappal,Malappuram (P),1 - 4,34,34,0,3,3,0,0,0,0,1,4,ok,true,false,false,https://sametham.kite.kerala.gov.in/19218,2026-08-14T10:10:42.433152+00:00
19220,G. M. L. P. S. Pallikara,LPS,Government,Tirur,Edappal,Malappuram (P),1 - 4,35,35,0,4,2,0,1,1,0,0,4,ok,true,false,false,https://sametham.kite.kerala.gov.in/19220,2026-08-14T10:10:44.426831+00:00
19222,G. L. P. S. Perumparamba,LPS,Government,Tirur,Edappal,Malappuram (P),1 - 4,151,151,0,9,6,0,2,1,0,1,10,ok,true,false,false,https://sametham.kite.kerala.gov.in/19222,2026-08-14T10:10:46.422082+00:00
19223,G. L. P. S. Polpakkara,LPS,Government,Tirur,Edappal,Malappuram (P),1 - 4,39,39,0,4,3,0,1,0,0,1,5,ok,true,false,false,https://sametham.kite.kerala.gov.in/19223,2026-08-14T10:10:48.461121+00:00
19225,G. L. P. S. Sukapuram,LPS,Government,Tirur,Edappal,Malappuram (P),1 - 4,43,43,0,5,1,0,1,3,0,0,5,ok,true,false,false,https://sametham.kite.kerala.gov.in/19225,2026-08-14T10:10:50.468532+00:00
19227,G. L. P. S. Thuyyam,LPS,Government,Tirur,Edappal,Malappuram (P),1 - 4,55,55,0,4,2,0,1,1,0,1,5,ok,true,false,false,https://sametham.kite.kerala.gov.in/19227,2026-08-14T10:10:52.479966+00:00
19229,G. L. P. S. Thrikkanapuram,LPS,Government,Tirur,Edappal,Malappuram (P),1 - 4,199,199,0,7,5,0,0,2,0,1,8,ok,true,false,false,https://sametham.kite.kerala.gov.in/19229,2026-08-14T10:10:54.423911+00:00
19231,Uliyathu Aboobacker Memmorial G. L. P. S. Vadakkummuri,LPS,Government,Tirur,Edappal,Malappuram (P),1 - 4,68,68,0,5,2,0,2,1,0,1,6,ok,true,false,false,https://sametham.kite.kerala.gov.in/19231,2026-08-14T10:10:56.450981+00:00
19233,G. M. L. P. S. Vadakkummuri,LPS,Government,Tirur,Edappal,Malappuram (P),1 - 4,25,25,0,4,3,0,1,0,0,0,4,ok,true,false,false,https://sametham.kite.kerala.gov.in/19233,2026-08-14T10:10:58.432122+00:00
19235,G. J. B. S. Vattamkulam,LPS,Government,Tirur,Edappal,Malappuram (P),1 - 4,57,57,0,4,2,0,1,1,0,1,5,ok,true,false,false,https://sametham.kite.kerala.gov.in/19235,2026-08-14T10:11:00.424056+00:00
19243,Govt L.P.School Kololomba,UPS,Government,Tirur,Edappal,Malappuram (P),1 - 5,43,30,13,6,3,0,2,1,0,0,6,ok,true,false,false,https://sametham.kite.kerala.gov.in/19243,2026-08-14T10:11:02.436634+00:00
19244,G. H. W. L. P. S. Maravancheri,UPS,Government,Tirur,Edappal,Malappuram (P),1 - 5,166,137,29,5,4,0,0,1,0,0,5,ok,true,false,false,https://sametham.kite.kerala.gov.in/19244,2026-08-14T10:11:04.430646+00:00
19246,G. M. U. P. S. Edappal,UPS,Government,Tirur,Edappal,Malappuram (P),1 - 7,315,96,219,17,4,6,5,2,0,2,19,ok,true,false,false,https://sametham.kite.kerala.gov.in/19246,2026-08-14T10:11:06.453341+00:00
19249,G. U. P. S. Kololamba,UPS,Government,Tirur,Edappal,Malappuram (P),1 - 7,345,114,231,15,4,7,3,1,0,1,16,ok,true,false,false,https://sametham.kite.kerala.gov.in/19249,2026-08-14T10:11:08.434109+00:00
19251,G. U. P. S. Othalur,UPS,Government,Tirur,Edappal,Malappuram (P),1 - 7,180,66,114,11,4,4,2,1,0,1,12,ok,true,false,false,https://sametham.kite.kerala.gov.in/19251,2026-08-14T10:11:10.425069+00:00
19253,G. U. P. S. Pothanur,UPS,Government,Tirur,Edappal,Malappuram (P),1 - 7,257,110,147,15,7,4,3,1,0,2,17,ok,true,false,false,https://sametham.kite.kerala.gov.in/19253,2026-08-14T10:11:12.429103+00:00
19254,K. M. G. U. P. S. Thavanur,UPS,Government,Tirur,Edappal,Malappuram (P),1 - 7,737,317,420,33,14,12,4,3,0,2,35,ok,true,false,false,https://sametham.kite.kerala.gov.in/19254,2026-08-14T10:11:14.471418+00:00
19255,G. U. P. S. Vellanchery,UPS,Government,Tirur,Edappal,Malappuram (P),1 - 7,232,122,110,12,6,4,2,0,0,2,14,ok,true,false,false,https://sametham.kite.kerala.gov.in/19255,2026-08-14T10:11:16.434294+00:00
19301,G. L. P. S. Athippetta,LPS,Government,Tirur,Kuttippuram,Malappuram (P),1 - 4,78,78,0,5,1,0,1,3,0,0,5,ok,true,false,false,https://sametham.kite.kerala.gov.in/19301,2026-08-14T10:11:18.435633+00:00
19304,G. M. L. P. S. Ayirani,LPS,Government,Tirur,Kuttippuram,Malappuram (P),1 - 4,77,77,0,4,3,0,1,0,0,0,4,ok,true,false,false,https://sametham.kite.kerala.gov.in/19304,2026-08-14T10:23:39.329235+00:00
19306,G. L. P. S. Chellur,LPS,Government,Tirur,Kuttippuram,Malappuram (P),1 - 4,170,170,0,9,7,0,2,0,0,0,9,ok,true,false,false,https://sametham.kite.kerala.gov.in/19306,2026-08-14T10:23:39.432343+00:00
19308,G. L. P. S. Cheruparamba,LPS,Government,Tirur,Kuttippuram,Malappuram (P),1 - 4,212,212,0,9,6,0,2,1,0,0,9,ok,true,false,false,https://sametham.kite.kerala.gov.in/19308,2026-08-14T10:23:41.549458+00:00
19310,G. L. P. S. Chottur,LPS,Government,Tirur,Kuttippuram,Malappuram (P),1 - 4,211,211,0,9,6,0,2,1,0,1,10,ok,true,false,false,https://sametham.kite.kerala.gov.in/19310,2026-08-14T10:23:43.516568+00:00
19312,G. W. L. P. S. Irimbliyam,LPS,Government,Tirur,Kuttippuram,Malappuram (P),1 - 4,109,109,0,7,3,0,2,2,0,1,8,ok,true,false,false,https://sametham.kite.kerala.gov.in/19312,2026-08-14T10:23:45.788803+00:00
19313,G. M. L. P. S. Kallarmangalam,LPS,Government,Tirur,Kuttippuram,Malappuram (P),1 - 4,157,157,0,6,5,0,1,0,0,1,7,ok,true,false,false,https://sametham.kite.kerala.gov.in/19313,2026-08-14T10:23:47.517355+00:00
19315,G. M. L. P. S. Kalpakancheri,LPS,Government,Tirur,Kuttippuram,Malappuram (P),1 - 4,53,53,0,5,3,0,1,1,0,1,6,ok,true,false,false,https://sametham.kite.kerala.gov.in/19315,2026-08-14T10:23:49.515853+00:00
19317,G. L. P. S. Kalpakancheri,LPS,Government,Tirur,Kuttippuram,Malappuram (P),1 - 4,518,518,0,15,12,0,3,0,0,1,16,ok,true,false,false,https://sametham.kite.kerala.gov.in/19317,2026-08-14T10:13:30.061382+00:00
19319,G. L. P. S. Karaikkad,LPS,Government,Tirur,Kuttippuram,Malappuram (P),1 - 4,237,237,0,11,8,0,3,0,0,1,12,ok,true,false,false,https://sametham.kite.kerala.gov.in/19319,2026-08-14T10:13:31.764103+00:00
19321,G. L. P. S. Kattilangadi,LPS,Government,Tirur,Kuttippuram,Malappuram (P),1 - 4,143,143,0,9,7,0,2,0,0,1,10,ok,true,false,false,https://sametham.kite.kerala.gov.in/19321,2026-08-14T10:13:33.758329+00:00
19322,G. L. P. S. Kattipparuthi,LPS,Government,Tirur,Kuttippuram,Valanchery (M),1 - 4,69,69,0,4,2,0,1,1,0,1,5,ok,true,false,false,https://sametham.kite.kerala.gov.in/19322,2026-08-14T10:13:35.778938+00:00
19324,G. M. L. P. S. Kanancheri,LPS,Government,Tirur,Kuttippuram,Malappuram (P),1 - 4,82,82,0,4,2,0,1,1,0,0,4,ok,true,false,false,https://sametham.kite.kerala.gov.in/19324,2026-08-14T10:13:37.788751+00:00
19327,G. L. P. S. Kulakkad,LPS,Government,Tirur,Kuttippuram,Malappuram (P),1 - 4,44,44,0,5,3,0,2,0,0,1,6,ok,true,false,false,https://sametham.kite.kerala.gov.in/19327,2026-08-14T10:13:39.794545+00:00
19329,G. L. P. S. Kuttippuram,LPS,Government,Tirur,Kuttippuram,Malappuram (P),1 - 4,21,21,0,3,2,0,0,1,0,1,4,ok,true,false,false,https://sametham.kite.kerala.gov.in/19329,2026-08-14T10:13:41.789858+00:00
19331,G. L. P. S. Kuttippuram North,LPS,Government,Tirur,Kuttippuram,Malappuram (P),1 - 4,124,124,0,7,5,0,2,0,0,0,7,ok,true,false,false,https://sametham.kite.kerala.gov.in/19331,2026-08-14T10:13:43.800194+00:00
19332,G. M. L. P. S. Manhachola,LPS,Government,Tirur,Kuttippuram,Malappuram (P),1 - 4,64,64,0,4,3,0,1,0,0,1,5,ok,true,false,false,https://sametham.kite.kerala.gov.in/19332,2026-08-14T10:13:45.776182+00:00
19333,G. L. P. S. Maniyankad,LPS,Government,Tirur,Kuttippuram,Malappuram (P),1 - 4,47,47,0,5,3,0,2,0,0,1,6,ok,true,false,false,https://sametham.kite.kerala.gov.in/19333,2026-08-14T10:13:47.779091+00:00
19335,G. L. P. S. Mankeri,LPS,Government,Tirur,Kuttippuram,Malappuram (P),1 - 4,97,97,0,5,4,0,1,0,0,0,5,ok,true,false,false,https://sametham.kite.kerala.gov.in/19335,2026-08-14T10:13:49.751492+00:00
19337,G. L. P. S. Melmuri,LPS,Government,Tirur,Kuttippuram,Malappuram (P),1 - 4,174,174,0,9,7,0,2,0,0,1,10,ok,true,false,false,https://sametham.kite.kerala.gov.in/19337,2026-08-14T10:13:51.785002+00:00
19339,G. L. P. S. Naduvattam,LPS,Government,Tirur,Kuttippuram,Malappuram (P),1 - 4,222,222,0,11,6,0,3,2,0,0,11,ok,true,false,false,https://sametham.kite.kerala.gov.in/19339,2026-08-14T10:13:53.797229+00:00
19341,G. M. L. P. S. Parappuram,LPS,Government,Tirur,Kuttippuram,Malappuram (P),1 - 4,77,77,0,6,4,0,1,1,0,1,7,ok,true,false,false,https://sametham.kite.kerala.gov.in/19341,2026-08-14T10:13:55.789388+00:00
19343,G. M. L. P. S. Paravannur,LPS,Government,Tirur,Kuttippuram,Malappuram (P),1 - 4,41,41,0,5,3,0,1,1,0,1,6,ok,true,false,false,https://sametham.kite.kerala.gov.in/19343,2026-08-14T10:13:57.779979+00:00
19345,G. L. P. S. Perumparamba Moodal,LPS,Government,Tirur,Kuttippuram,Malappuram (P),1 - 4,148,148,0,10,5,0,3,2,0,0,10,ok,true,false,false,https://sametham.kite.kerala.gov.in/19345,2026-08-14T10:13:59.751804+00:00
19348,G. L. P. S. Vadakkumbram,LPS,Government,Tirur,Kuttippuram,Malappuram (P),1 - 4,237,237,0,11,9,0,2,0,0,0,11,ok,true,false,false,https://sametham.kite.kerala.gov.in/19348,2026-08-14T10:14:01.791580+00:00
19350,G. M. L. P. S. Valancheri,LPS,Government,Tirur,Kuttippuram,Valanchery (M),1 - 4,46,46,0,5,1,0,2,2,0,1,6,ok,true,false,false,https://sametham.kite.kerala.gov.in/19350,2026-08-14T10:14:03.796750+00:00
19357,G. H. S. Athavanad,HS,Government,Tirur,Kuttippuram,Malappuram (P),1 -10,1149,214,434,45,9,16,4,16,0,5,50,ok,true,false,false,https://sametham.kite.kerala.gov.in/19357,2026-08-14T10:14:05.793535+00:00
19359,G. M. H. S. Karippole,HS,Government,Tirur,Kuttippuram,Malappuram (P),1 -10,1068,328,404,46,9,13,4,20,0,5,51,ok,true,false,false,https://sametham.kite.kerala.gov.in/19359,2026-08-14T10:14:07.807595+00:00
19363,G. U. P. S. Koodasseri,UPS,Government,Tirur,Kuttippuram,Malappuram (P),1 - 7,530,245,285,23,10,8,5,0,0,1,24,ok,true,false,false,https://sametham.kite.kerala.gov.in/19363,2026-08-14T10:14:09.773634+00:00
19364,G. U. P. S. Painkannur,UPS,Government,Tirur,Kuttippuram,Valanchery (M),1 - 7,283,100,183,17,4,4,6,3,0,1,18,ok,true,false,false,https://sametham.kite.kerala.gov.in/19364,2026-08-14T10:14:11.779002+00:00
19365,G. U. P. S. Randathani,UPS,Government,Tirur,Kuttippuram,Malappuram (P),1 - 7,412,148,264,19,8,4,4,3,0,2,21,ok,true,false,false,https://sametham.kite.kerala.gov.in/19365,2026-08-14T10:14:10.784173+00:00
19401,G. L. P. S. Anappadi,LPS,Government,Thirurangadi,Parappanangadi,Malappuram (P),1 - 4,178,178,0,10,8,0,2,0,0,0,10,ok,true,false,false,https://sametham.kite.kerala.gov.in/19401,2026-08-14T10:14:12.781813+00:00
19408,G. F. L. P. S. Parappanangadi,LPS,Government,Thirurangadi,Parappanangadi,Parappanangadi (M),1 - 4,154,154,0,10,8,0,2,0,0,1,11,ok,true,false,false,https://sametham.kite.kerala.gov.in/19408,2026-08-14T10:14:14.780569+00:00
19410,G. M. U. P. S. Puthan Kadappuram,UPS,Government,Thirurangadi,Parappanangadi,Parappanangadi (M),1 - 7,261,105,156,14,6,5,2,1,0,2,16,ok,true,false,false,https://sametham.kite.kerala.gov.in/19410,2026-08-14T10:14:16.788893+00:00
19412,G. M. L. P. S. Thirurangadi,LPS,Government,Thirurangadi,Parappanangadi,Tirurangadi (M),1 - 4,206,206,0,10,7,0,3,0,0,1,11,ok,true,false,false,https://sametham.kite.kerala.gov.in/19412,2026-08-14T10:14:18.823688+00:00
19414,G. L. P. S. Thirurangadi,LPS,Government,Thirurangadi,Parappanangadi,Tirurangadi (M),1 - 4,325,325,0,13,11,0,2,0,0,1,14,ok,true,false,false,https://sametham.kite.kerala.gov.in/19414,2026-08-14T10:14:20.795995+00:00
19417,G. L. P. S. Venniyur,LPS,Government,Thirurangadi,Parappanangadi,Tirurangadi (M),1 - 4,149,149,0,6,4,0,1,1,0,1,7,ok,true,false,false,https://sametham.kite.kerala.gov.in/19417,2026-08-14T10:14:22.833417+00:00
19429,G. F. L. P. S. Kadalundi,UPS,Government,Thirurangadi,Parappanangadi,Malappuram (P),1 - 5,89,58,31,6,3,0,1,2,0,1,7,ok,true,false,false,https://sametham.kite.kerala.gov.in/19429,2026-08-14T10:14:24.784313+00:00
19430,G. L .P. S. Melodiparamba,LPS,Government,Thirurangadi,Parappanangadi,Malappuram (P),1 - 4,71,71,0,5,2,0,2,1,0,1,6,ok,true,false,false,https://sametham.kite.kerala.gov.in/19430,2026-08-14T10:14:26.785198+00:00
19432,G. M. L. P. S. Parappanangadi,LPS,Government,Thirurangadi,Parappanangadi,Parappanangadi (M),1 - 4,153,153,0,10,7,0,3,0,0,1,11,ok,true,false,false,https://sametham.kite.kerala.gov.in/19432,2026-08-14T10:14:28.774510+00:00
19433,G. L. P. S. Parappanangadi,UPS,Government,Thirurangadi,Parappanangadi,Parappanangadi (M),1 - 5,245,203,42,12,9,0,3,0,0,1,13,ok,true,false,false,https://sametham.kite.kerala.gov.in/19433,2026-08-14T10:14:30.978862+00:00
19434,G. M. L. P. S. Parappanangadi Town,UPS,Government,Thirurangadi,Parappanangadi,Malappuram (P),1 - 5,310,262,48,12,8,1,2,1,0,1,13,ok,true,false,false,https://sametham.kite.kerala.gov.in/19434,2026-08-14T10:14:32.766229+00:00
19435,G. L. P. S. Vallikunnu,UPS,Government,Thirurangadi,Parappanangadi,Malappuram (P),1 - 5,78,64,14,6,4,0,1,1,0,1,7,ok,true,false,false,https://sametham.kite.kerala.gov.in/19435,2026-08-14T10:14:34.795038+00:00
19436,G. M. L. P. S. Velimukku,UPS,Government,Thirurangadi,Parappanangadi,Malappuram (P),1 - 5,155,121,34,8,7,0,0,1,0,1,9,ok,true,false,false,https://sametham.kite.kerala.gov.in/19436,2026-08-14T10:14:36.785639+00:00
19439,G. U. P. S. Ariyallur,UPS,Government,Thirurangadi,Parappanangadi,Malappuram (P),1 - 7,1249,576,673,43,15,13,5,10,0,1,44,ok,true,false,false,https://sametham.kite.kerala.gov.in/19439,2026-08-14T10:14:38.777598+00:00
19441,G. M. U. P. S. Kakkad,UPS,Government,Thirurangadi,Parappanangadi,Tirurangadi (M),1 - 7,719,344,375,35,15,13,7,0,0,2,37,ok,true,false,false,https://sametham.kite.kerala.gov.in/19441,2026-08-14T10:14:40.811274+00:00
19443,G. U. P. S. Moonniyur,UPS,Government,Thirurangadi,Parappanangadi,Malappuram (P),1 - 7,430,193,237,20,8,5,4,3,0,2,22,ok,true,false,false,https://sametham.kite.kerala.gov.in/19443,2026-08-14T10:14:42.804459+00:00
19445,GHS Neduva,HS,Government,Thirurangadi,Parappanangadi,Malappuram (P),1 -10,805,137,330,33,9,9,2,13,0,4,37,ok,true,false,false,https://sametham.kite.kerala.gov.in/19445,2026-08-14T10:14:44.790689+00:00
19447,G. M. U. P. S. Parakkadavu,UPS,Government,Thirurangadi,Parappanangadi,Malappuram (P),1 - 7,1175,524,651,42,14,15,7,6,0,2,44,ok,true,false,false,https://sametham.kite.kerala.gov.in/19447,2026-08-14T10:14:46.787504+00:00
19449,G. W. U. P. S. Trikkulam,UPS,Government,Thirurangadi,Parappanangadi,Tirurangadi (M),1 - 7,364,194,170,13,6,5,2,0,0,2,15,ok,true,false,false,https://sametham.kite.kerala.gov.in/19449,2026-08-14T10:14:48.822396+00:00
19451,G. H. S. Trikkulam,HS,Government,Thirurangadi,Parappanangadi,Tirurangadi (M),1 -10,1277,281,432,59,10,11,5,33,0,6,65,ok,true,false,false,https://sametham.kite.kerala.gov.in/19451,2026-08-14T10:14:50.793827+00:00
19453,G. M. U. P. S. Venniyur,UPS,Government,Thirurangadi,Parappanangadi,Tirurangadi (M),1 - 7,1956,832,1124,41,17,16,6,2,0,1,42,ok,true,false,false,https://sametham.kite.kerala.gov.in/19453,2026-08-14T10:14:52.792020+00:00
19506,G. F. L. P. S. Ponnani,LPS,Government,Tirur,Ponnani,Ponnani (M),1 - 4,41,41,0,4,3,0,1,0,0,1,5,ok,true,false,false,https://sametham.kite.kerala.gov.in/19506,2026-08-14T10:14:54.803665+00:00
19507,G. M. L. P. S. Ponnani Town,LPS,Government,Tirur,Ponnani,Ponnani (M),1 - 4,34,34,0,4,3,0,1,0,0,1,5,ok,true,false,false,https://sametham.kite.kerala.gov.in/19507,2026-08-14T10:14:56.842185+00:00
19509,G. L. P. S. Purang,LPS,Government,Tirur,Ponnani,Malappuram (P),1 - 4,165,165,0,9,5,0,2,2,0,0,9,ok,true,false,false,https://sametham.kite.kerala.gov.in/19509,2026-08-14T10:14:59.020032+00:00
19512,G. L. P. S. Theyyangad,LPS,Government,Tirur,Ponnani,Ponnani (M),1 - 4,458,458,0,19,17,0,2,0,0,1,20,ok,true,false,false,https://sametham.kite.kerala.gov.in/19512,2026-08-14T10:15:00.804475+00:00
19514,G. L. P. S. Veliyancode New,LPS,Government,Tirur,Ponnani,Malappuram (P),1 - 4,183,183,0,10,8,0,2,0,0,1,11,ok,true,false,false,https://sametham.kite.kerala.gov.in/19514,2026-08-14T10:15:02.910907+00:00
19516,G. L. P. S. Veliyancode Gramam,LPS,Government,Tirur,Ponnani,Malappuram (P),1 - 4,47,47,0,3,3,0,0,0,0,0,3,ok,true,false,false,https://sametham.kite.kerala.gov.in/19516,2026-08-14T10:15:04.803279+00:00
19519,G. M. L. P. S. Veliyancode,LPS,Government,Tirur,Ponnani,Malappuram (P),1 - 4,89,89,0,3,3,0,0,0,0,1,4,ok,true,false,false,https://sametham.kite.kerala.gov.in/19519,2026-08-14T10:15:06.903464+00:00
19533,G. L. P. S. Kanhiramukku,UPS,Government,Tirur,Ponnani,Malappuram (P),1 - 5,30,24,6,4,4,0,0,0,0,1,5,ok,true,false,false,https://sametham.kite.kerala.gov.in/19533,2026-08-14T10:15:08.793750+00:00
19535,G. F. L. P. S. Puthuponnani,UPS,Government,Tirur,Ponnani,Ponnani (M),1 - 5,65,43,22,5,4,0,1,0,0,1,6,ok,true,false,false,https://sametham.kite.kerala.gov.in/19535,2026-08-14T10:15:10.807207+00:00
19536,G. F. L. P. S. Veliyancode,UPS,Government,Tirur,Ponnani,Malappuram (P),1 - 5,163,129,34,10,8,0,2,0,0,1,11,ok,true,false,false,https://sametham.kite.kerala.gov.in/19536,2026-08-14T10:15:12.949147+00:00
19537,G. L. P. S. Velleri,UPS,Government,Tirur,Ponnani,Ponnani (M),1 - 5,76,57,19,4,3,0,0,1,0,1,5,ok,true,false,false,https://sametham.kite.kerala.gov.in/19537,2026-08-14T10:15:14.793048+00:00
19539,G. U. P. S. Cheruvayikkara,UPS,Government,Tirur,Ponnani,Ponnani (M),1 - 7,146,48,98,8,4,3,1,0,0,1,9,ok,true,false,false,https://sametham.kite.kerala.gov.in/19539,2026-08-14T10:15:16.805622+00:00
19541,G. F. U. P. S. Palapetty,UPS,Government,Tirur,Ponnani,Malappuram (P),1 - 7,274,134,140,16,7,5,4,0,0,1,17,ok,true,false,false,https://sametham.kite.kerala.gov.in/19541,2026-08-14T10:15:18.797775+00:00
19543,G. M. U. P. S. Veliyancode South,UPS,Government,Tirur,Ponnani,Malappuram (P),1 - 7,595,299,296,28,11,8,6,3,0,2,30,ok,true,false,false,https://sametham.kite.kerala.gov.in/19543,2026-08-14T10:15:20.835647+00:00
19544,G. F. U. P. S. Kadavanad,UPS,Government,Tirur,Ponnani,Ponnani (M),1 - 7,526,227,299,21,9,9,3,0,0,2,23,ok,true,false,false,https://sametham.kite.kerala.gov.in/19544,2026-08-14T10:15:22.826272+00:00
19556,GLPS Kadavanad,LPS,Government,Tirur,Ponnani,Ponnani (M),1 - 4,84,84,0,4,4,0,0,0,0,1,5,ok,true,false,false,https://sametham.kite.kerala.gov.in/19556,2026-08-14T10:15:24.987519+00:00
19602,G. M. L. P. S. Cherumukku,LPS,Government,Thirurangadi,Tanur,Malappuram (P),1 - 4,375,375,0,17,13,0,3,1,0,1,18,ok,true,false,false,https://sametham.kite.kerala.gov.in/19602,2026-08-14T10:15:26.802477+00:00
19605,G. M. L. P. S. Cheruvannur,LPS,Government,Thirurangadi,Tanur,Malappuram (P),1 - 4,268,268,0,13,10,0,2,1,0,0,13,ok,true,false,false,https://sametham.kite.kerala.gov.in/19605,2026-08-14T10:15:28.823762+00:00
19607,G. M. L. P. S. Edakadappuram,LPS,Government,Thirurangadi,Tanur,Malappuram (P),1 - 4,153,153,0,9,7,0,2,0,0,0,9,ok,true,false,false,https://sametham.kite.kerala.gov.in/19607,2026-08-14T10:15:30.812328+00:00
19609,G. M. L. P. S. Iringavoor,LPS,Government,Thirurangadi,Tanur,Malappuram (P),1 - 4,69,69,0,5,3,0,2,0,0,1,6,ok,true,false,false,https://sametham.kite.kerala.gov.in/19609,2026-08-14T10:15:32.813534+00:00
19611,G. L. P. S. Klari West,LPS,Government,Thirurangadi,Tanur,Malappuram (P),1 - 4,86,86,0,4,3,0,1,0,0,1,5,ok,true,false,false,https://sametham.kite.kerala.gov.in/19611,2026-08-14T10:15:34.799636+00:00
19613,G. L. P. S. Kanmanam,LPS,Government,Thirurangadi,Tanur,Malappuram (P),1 - 4,103,103,0,4,3,0,1,0,0,1,5,ok,true,false,false,https://sametham.kite.kerala.gov.in/19613,2026-08-14T10:15:36.803217+00:00
19616,G. M. L. P. S. Korad,LPS,Government,Thirurangadi,Tanur,Malappuram (P),1 - 4,266,266,0,12,9,0,3,0,0,1,13,ok,true,false,false,https://sametham.kite.kerala.gov.in/19616,2026-08-14T10:15:38.948798+00:00
19619,G. M. L. P. S. Manalipuzha,LPS,Government,Thirurangadi,Tanur,Malappuram (P),1 - 4,68,68,0,5,3,0,1,1,0,0,5,ok,true,false,false,https://sametham.kite.kerala.gov.in/19619,2026-08-14T10:15:40.827878+00:00
19622,G. L. P. S. Nannambra,LPS,Government,Thirurangadi,Tanur,Malappuram (P),1 - 4,106,106,0,7,4,0,2,1,0,1,8,ok,true,false,false,https://sametham.kite.kerala.gov.in/19622,2026-08-14T10:15:42.815872+00:00
19624,G. M. L. P. S. Panangattur,LPS,Government,Thirurangadi,Tanur,Tanur (M),1 - 4,163,163,0,8,7,0,1,0,0,1,9,ok,true,false,false,https://sametham.kite.kerala.gov.in/19624,2026-08-14T10:15:44.830262+00:00
19626,G. M. L. P. S. Parapputhadam,LPS,Government,Thirurangadi,Tanur,Malappuram (P),1 - 4,73,73,0,4,3,0,1,0,0,1,5,ok,true,false,false,https://sametham.kite.kerala.gov.in/19626,2026-08-14T10:15:46.829921+00:00
19629,G. L. P. S. Rayirimangalam,LPS,Government,Thirurangadi,Tanur,Tanur (M),1 - 4,100,100,0,6,4,0,2,0,0,1,7,ok,true,false,false,https://sametham.kite.kerala.gov.in/19629,2026-08-14T10:15:48.802569+00:00
19631,G. M. L. P. S. Ponmundam South,LPS,Government,Thirurangadi,Tanur,Malappuram (P),1 - 4,111,111,0,6,4,0,2,0,0,1,7,ok,true,false,false,https://sametham.kite.kerala.gov.in/19631,2026-08-14T10:15:50.816707+00:00
19633,G. M. L. P. S. Puthiyakadppuram North,LPS,Government,Thirurangadi,Tanur,Tanur (M),1 - 4,200,200,0,10,8,0,2,0,0,1,11,ok,true,false,false,https://sametham.kite.kerala.gov.in/19633,2026-08-14T10:15:52.805378+00:00
19635,G. L. P. S. Rayirimangalam East,LPS,Government,Thirurangadi,Tanur,Tanur (M),1 - 4,175,175,0,8,7,0,1,0,0,1,9,ok,true,false,false,https://sametham.kite.kerala.gov.in/19635,2026-08-14T10:15:54.802395+00:00
19636,A. M. L. P. S. Kormanthala,LPS,Government,Thirurangadi,Tanur,Tanur (M),1 - 4,132,132,0,9,7,0,2,0,0,0,9,ok,true,false,false,https://sametham.kite.kerala.gov.in/19636,2026-08-14T10:15:56.812496+00:00
19637,G. M. L. P. S. Rayirimangalam,LPS,Government,Thirurangadi,Tanur,Tanur (M),1 - 4,88,88,0,6,4,0,1,1,0,1,7,ok,true,false,false,https://sametham.kite.kerala.gov.in/19637,2026-08-14T10:15:58.807613+00:00
19640,G. M. L. P. S. Tanur North,LPS,Government,Thirurangadi,Tanur,Tanur (M),1 - 4,197,197,0,9,8,0,1,0,0,0,9,ok,true,false,false,https://sametham.kite.kerala.gov.in/19640,2026-08-14T10:16:00.850490+00:00
19642,G. M. L. P. S. Thalakadathur,LPS,Government,Thirurangadi,Tanur,Malappuram (P),1 - 4,72,72,0,5,3,0,2,0,0,1,6,ok,true,false,false,https://sametham.kite.kerala.gov.in/19642,2026-08-14T10:16:02.817313+00:00
19644,G. M. L. P. S. Thiruthy,LPS,Government,Thirurangadi,Tanur,Malappuram (P),1 - 4,60,60,0,4,3,0,1,0,0,1,5,ok,true,false,false,https://sametham.kite.kerala.gov.in/19644,2026-08-14T10:16:04.823664+00:00
19646,G. M. L. P. S. Valavannur,LPS,Government,Thirurangadi,Tanur,Malappuram (P),1 - 4,42,42,0,5,3,0,2,0,0,1,6,ok,true,false,false,https://sametham.kite.kerala.gov.in/19646,2026-08-14T10:16:06.816694+00:00
19660,G. L. P. S. K.Puram,UPS,Government,Thirurangadi,Tanur,Malappuram (P),1 - 5,361,280,81,17,15,0,2,0,0,0,17,ok,true,false,false,https://sametham.kite.kerala.gov.in/19660,2026-08-14T10:16:08.807614+00:00
19661,G. M. L. P. S. Kuttippala,UPS,Government,Thirurangadi,Tanur,Malappuram (P),1 - 5,257,206,51,12,8,0,2,2,0,1,13,ok,true,false,false,https://sametham.kite.kerala.gov.in/19661,2026-08-14T10:16:10.828065+00:00
19662,G. L. P. S. Ozhur,UPS,Government,Thirurangadi,Tanur,Malappuram (P),1 - 5,327,261,66,13,11,0,2,0,0,1,14,ok,true,false,false,https://sametham.kite.kerala.gov.in/19662,2026-08-14T10:16:12.832579+00:00
19663,G. L. P. S. Pariyapuram,UPS,Government,Thirurangadi,Tanur,Tanur (M),1 - 5,271,220,51,11,9,0,1,1,0,0,11,ok,true,false,false,https://sametham.kite.kerala.gov.in/19663,2026-08-14T10:16:14.809757+00:00
19664,G. L. P. S. Tanur,UPS,Government,Thirurangadi,Tanur,Tanur (M),1 - 5,417,310,107,17,15,0,2,0,0,1,18,ok,true,false,false,https://sametham.kite.kerala.gov.in/19664,2026-08-14T10:16:16.812998+00:00
19667,G. U. P. S. Karingappara,UPS,Government,Thirurangadi,Tanur,Malappuram (P),1 - 7,834,355,479,35,14,11,7,3,0,1,36,ok,true,false,false,https://sametham.kite.kerala.gov.in/19667,2026-08-14T10:16:18.804866+00:00
19669,G. M. U. P. S. Kodinhi,UPS,Government,Thirurangadi,Tanur,Malappuram (P),1 - 7,890,269,621,29,10,12,5,2,0,2,31,ok,true,false,false,https://sametham.kite.kerala.gov.in/19669,2026-08-14T10:16:20.804207+00:00
19671,G H S Meenadathur,HS,Government,Thirurangadi,Tanur,Malappuram (P),1 -10,1735,353,577,60,17,15,5,23,0,4,64,ok,true,false,false,https://sametham.kite.kerala.gov.in/19671,2026-08-14T10:16:22.832774+00:00
19673,G. M. U. P. S. Tanur Town,UPS,Government,Thirurangadi,Tanur,Tanur (M),1 - 7,602,168,434,27,8,14,5,0,0,1,28,ok,true,false,false,https://sametham.kite.kerala.gov.in/19673,2026-08-14T10:16:25.044243+00:00
19679,G. M. U. P. S. Cheerankadappuram,UPS,Government,Thirurangadi,Tanur,Tanur (M),5 -7,573,0,573,19,1,14,3,1,0,1,20,ok,true,false,false,https://sametham.kite.kerala.gov.in/19679,2026-08-14T10:16:26.911548+00:00
19686,K. P. N. M. U. P. S. Tanur,UPS,Government,Thirurangadi,Tanur,Tanur (M),5 -7,127,0,127,8,0,5,3,0,0,1,9,ok,true,false,false,https://sametham.kite.kerala.gov.in/19686,2026-08-14T10:16:28.767234+00:00
19699,G. U. P. S Niramaruthur,UPS,Government,Thirurangadi,Tanur,Malappuram (P),1 - 7,993,294,699,41,11,18,7,5,0,1,42,ok,true,false,false,https://sametham.kite.kerala.gov.in/19699,2026-08-14T10:16:30.815178+00:00
19704,G. L. P. S. B. P. Angadi,LPS,Government,Tirur,Tirur,Malappuram (P),1 - 4,121,121,0,10,9,0,1,0,0,1,11,ok,true,false,false,https://sametham.kite.kerala.gov.in/19704,2026-08-14T10:16:32.809310+00:00
19707,G. M. L. P. S. Edakkulam,LPS,Government,Tirur,Tirur,Malappuram (P),1 - 4,116,116,0,7,6,0,1,0,0,0,7,ok,true,false,false,https://sametham.kite.kerala.gov.in/19707,2026-08-14T10:16:34.794662+00:00
19710,G. M. L. P. S. Kaithakkara,LPS,Government,Tirur,Tirur,Malappuram (P),1 - 4,35,35,0,4,3,0,1,0,0,0,4,ok,true,false,false,https://sametham.kite.kerala.gov.in/19710,2026-08-14T10:16:36.795679+00:00
19713,G. M. L. P. S. Kuttayi North,LPS,Government,Tirur,Tirur,Malappuram (P),1 - 4,42,42,0,3,3,0,0,0,0,0,3,ok,true,false,false,https://sametham.kite.kerala.gov.in/19713,2026-08-14T10:16:38.793876+00:00
19716,G. M. L. P. S. Kuttayi South,LPS,Government,Tirur,Tirur,Malappuram (P),1 - 4,101,101,0,5,4,0,1,0,0,1,6,ok,true,false,false,https://sametham.kite.kerala.gov.in/19716,2026-08-14T10:16:40.852730+00:00
19719,G. M. L. P. S. Mangalam,LPS,Government,Tirur,Tirur,Malappuram (P),1 - 4,56,56,0,5,3,0,2,0,0,1,6,ok,true,false,false,https://sametham.kite.kerala.gov.in/19719,2026-08-14T10:16:42.836589+00:00
19721,G. L. P. S. Mangattiri,LPS,Government,Tirur,Tirur,Malappuram (P),1 - 4,48,48,0,3,3,0,0,0,0,1,4,ok,true,false,false,https://sametham.kite.kerala.gov.in/19721,2026-08-14T10:16:44.800999+00:00
19723,G. M. L. P. S. Muttannur,LPS,Government,Tirur,Tirur,Malappuram (P),1 - 4,141,141,0,9,7,0,2,0,0,1,10,ok,true,false,false,https://sametham.kite.kerala.gov.in/19723,2026-08-14T10:16:46.830850+00:00
19725,G. M. L. P. S. Pachattiri,LPS,Government,Tirur,Tirur,Malappuram (P),1 - 4,119,119,0,7,5,0,1,1,0,1,8,ok,true,false,false,https://sametham.kite.kerala.gov.in/19725,2026-08-14T10:16:48.831826+00:00
19727,G. M. L. P. S. SouthPallar,LPS,Government,Tirur,Tirur,Malappuram (P),1 - 4,91,91,0,5,4,0,1,0,0,0,5,ok,true,false,false,https://sametham.kite.kerala.gov.in/19727,2026-08-14T10:16:50.795882+00:00
19730,G. L. P. S. Thekkankuttur,LPS,Government,Tirur,Tirur,Malappuram (P),1 - 4,38,38,0,5,3,0,2,0,0,1,6,ok,true,false,false,https://sametham.kite.kerala.gov.in/19730,2026-08-14T10:16:52.871511+00:00
19732,G. L. P. S. Thekkummuri,LPS,Government,Tirur,Tirur,Thirur (M),1 - 4,115,115,0,8,5,0,2,1,0,1,9,ok,true,false,false,https://sametham.kite.kerala.gov.in/19732,2026-08-14T10:16:54.832929+00:00
19734,G. L. P. S. Thiruthi,LPS,Government,Tirur,Tirur,Malappuram (P),1 - 4,41,41,0,4,2,0,1,1,0,0,4,ok,true,false,false,https://sametham.kite.kerala.gov.in/19734,2026-08-14T10:16:56.838184+00:00
19736,G. L. P. S. Thrikandiyur,LPS,Government,Tirur,Tirur,Thirur (M),1 - 4,99,99,0,6,5,0,1,0,0,0,6,ok,true,false,false,https://sametham.kite.kerala.gov.in/19736,2026-08-14T10:16:58.793418+00:00
19738,G. M. L. P. S. Valiya Parappur,LPS,Government,Tirur,Tirur,Malappuram (P),1 - 4,152,152,0,8,6,0,2,0,0,1,9,ok,true,false,false,https://sametham.kite.kerala.gov.in/19738,2026-08-14T10:17:09.907345+00:00
19740,G. M. L. P. S. Vettam Pallippuram,LPS,Government,Tirur,Tirur,Malappuram (P),1 - 4,56,56,0,5,3,0,2,0,0,1,6,ok,true,false,false,https://sametham.kite.kerala.gov.in/19740,2026-08-14T10:17:10.265667+00:00
19764,G. L. P. S. Annara,UPS,Government,Tirur,Tirur,Thirur (M),1 - 5,93,70,23,6,4,0,2,0,0,1,7,ok,true,false,false,https://sametham.kite.kerala.gov.in/19764,2026-08-14T10:17:12.151404+00:00
19765,G. W. L. P. S. Purathur,UPS,Government,Tirur,Tirur,Malappuram (P),1 - 5,73,59,14,5,4,0,1,0,0,0,5,ok,true,false,false,https://sametham.kite.kerala.gov.in/19765,2026-08-14T10:17:14.222275+00:00
19767,G. M. U. P. S. BP Angadi,UPS,Government,Tirur,Tirur,Malappuram (P),1 - 7,1051,385,666,37,13,14,7,3,0,1,38,ok,true,false,false,https://sametham.kite.kerala.gov.in/19767,2026-08-14T10:17:16.854340+00:00
19769,G. U. P. S. Chamravattam,UPS,Government,Tirur,Tirur,Malappuram (P),1 - 7,1054,443,611,40,13,13,7,7,0,2,42,ok,true,false,false,https://sametham.kite.kerala.gov.in/19769,2026-08-14T10:17:18.070190+00:00
19774,G. M. U. P. S. Edakkanad,UPS,Government,Tirur,Tirur,Malappuram (P),1 - 7,404,169,235,17,8,6,3,0,0,1,18,ok,true,false,false,https://sametham.kite.kerala.gov.in/19774,2026-08-14T10:17:20.203228+00:00
19775,G. U. P. S. Purathur,UPS,Government,Tirur,Tirur,Malappuram (P),1 - 7,1113,470,643,42,17,18,6,1,0,2,44,ok,true,false,false,https://sametham.kite.kerala.gov.in/19775,2026-08-14T10:17:22.167996+00:00
19777,G. U. P. S. Purathupadinjarekkara,UPS,Government,Tirur,Tirur,Malappuram (P),1 - 7,368,184,184,17,8,7,2,0,0,1,18,ok,true,false,false,https://sametham.kite.kerala.gov.in/19777,2026-08-14T10:17:24.154363+00:00
19779,G. M. U. P. S. Tirur,UPS,Government,Tirur,Tirur,Thirur (M),1 - 7,939,375,564,35,14,13,7,1,0,1,36,ok,true,false,false,https://sametham.kite.kerala.gov.in/19779,2026-08-14T10:17:26.150279+00:00
19781,G. M. U. P. S. Paravanna,UPS,Government,Tirur,Tirur,Malappuram (P),1 - 7,611,306,305,26,11,6,5,4,0,1,27,ok,true,false,false,https://sametham.kite.kerala.gov.in/19781,2026-08-14T10:17:28.716526+00:00
19802,GMLPS Cherur,LPS,Government,Thirurangadi,Vengara,Malappuram (P),1 - 4,58,58,0,3,3,0,0,0,0,0,3,ok,true,false,false,https://sametham.kite.kerala.gov.in/19802,2026-08-14T10:17:30.112752+00:00
19804,GMLPS Cherukunnu,LPS,Government,Thirurangadi,Vengara,Malappuram (P),1 - 4,82,82,0,3,3,0,0,0,0,1,4,ok,true,false,false,https://sametham.kite.kerala.gov.in/19804,2026-08-14T10:17:32.125974+00:00
19805,GMLPS C.U. Campus,LPS,Government,Thirurangadi,Vengara,Malappuram (P),1 - 4,361,361,0,18,12,0,3,3,0,0,18,ok,true,false,false,https://sametham.kite.kerala.gov.in/19805,2026-08-14T10:17:34.121728+00:00
19808,GMLPS Edakkaparamba,LPS,Government,Thirurangadi,Vengara,Malappuram (P),1 - 4,403,403,0,16,13,0,1,2,0,1,17,ok,true,false,false,https://sametham.kite.kerala.gov.in/19808,2026-08-14T10:17:36.091966+00:00
19809,GMLPS Iringallur,LPS,Government,Thirurangadi,Vengara,Malappuram (P),1 - 4,174,174,0,10,7,0,3,0,0,1,11,ok,true,false,false,https://sametham.kite.kerala.gov.in/19809,2026-08-14T10:17:38.957823+00:00
19810,GLPS Kannamangalam,LPS,Government,Thirurangadi,Vengara,Malappuram (P),1 - 4,67,67,0,4,3,0,1,0,0,1,5,ok,true,false,false,https://sametham.kite.kerala.gov.in/19810,2026-08-14T10:17:40.328884+00:00
19812,GLPS Klari,LPS,Government,Thirurangadi,Vengara,Malappuram (P),1 - 4,173,173,0,9,7,0,2,0,0,0,9,ok,true,false,false,https://sametham.kite.kerala.gov.in/19812,2026-08-14T10:17:42.316153+00:00
19814,GMLPS Kilinakode,LPS,Government,Thirurangadi,Vengara,Malappuram (P),1 - 4,271,271,0,12,11,0,1,0,0,1,13,ok,true,false,false,https://sametham.kite.kerala.gov.in/19814,2026-08-14T10:17:44.341738+00:00
19816,GMLPS Koomanna,LPS,Government,Thirurangadi,Vengara,Malappuram (P),1 - 4,223,223,0,7,7,0,0,0,0,1,8,ok,true,false,false,https://sametham.kite.kerala.gov.in/19816,2026-08-14T10:17:46.342009+00:00
19818,GLPS Kodalikundu,LPS,Government,Thirurangadi,Vengara,Malappuram (P),1 - 4,117,117,0,7,5,0,2,0,0,1,8,ok,true,false,false,https://sametham.kite.kerala.gov.in/19818,2026-08-14T10:17:48.429160+00:00
19820,G L P S Othukkungal,LPS,Government,Thirurangadi,Vengara,Malappuram (P),1 - 4,223,223,0,10,7,0,2,1,0,1,11,ok,true,false,false,https://sametham.kite.kerala.gov.in/19820,2026-08-14T10:17:50.311919+00:00
19822,GMLPS Mampuram,LPS,Government,Thirurangadi,Vengara,Malappuram (P),1 - 4,98,98,0,5,4,0,1,0,0,1,6,ok,true,false,false,https://sametham.kite.kerala.gov.in/19822,2026-08-14T10:17:52.215334+00:00
19824,GMLPS Orakam Kizhmuri,LPS,Government,Thirurangadi,Vengara,Malappuram (P),1 - 4,311,311,0,11,10,0,1,0,0,0,11,ok,true,false,false,https://sametham.kite.kerala.gov.in/19824,2026-08-14T10:17:54.139698+00:00
19826,GLPS Nottappuram,LPS,Government,Thirurangadi,Vengara,Malappuram (P),1 - 4,228,228,0,9,8,0,1,0,0,1,10,ok,true,false,false,https://sametham.kite.kerala.gov.in/19826,2026-08-14T10:17:56.110981+00:00
19828,G M L P S Karathode,LPS,Government,Thirurangadi,Vengara,Malappuram (P),1 - 4,454,454,0,14,11,0,3,0,0,1,15,ok,true,false,false,https://sametham.kite.kerala.gov.in/19828,2026-08-14T10:17:58.146077+00:00
19830,GLPS Orakam Melmuri,LPS,Government,Thirurangadi,Vengara,Malappuram (P),1 - 4,189,189,0,9,7,0,2,0,0,1,10,ok,true,false,false,https://sametham.kite.kerala.gov.in/19830,2026-08-14T10:18:00.112358+00:00
19833,GLPS Olakara,LPS,Government,Thirurangadi,Vengara,Malappuram (P),1 - 4,404,404,0,13,11,1,1,0,0,1,14,ok,true,false,false,https://sametham.kite.kerala.gov.in/19833,2026-08-14T10:18:02.136802+00:00
19836,GLPS Peruvallur,LPS,Government,Thirurangadi,Vengara,Malappuram (P),1 - 4,183,183,0,8,7,0,1,0,0,0,8,ok,true,false,false,https://sametham.kite.kerala.gov.in/19836,2026-08-14T10:18:04.147636+00:00
19838,GMLPS Puthur,LPS,Government,Thirurangadi,Vengara,Malappuram (P),1 - 4,128,128,0,6,5,0,1,0,0,0,6,ok,true,false,false,https://sametham.kite.kerala.gov.in/19838,2026-08-14T10:18:06.120343+00:00
19840,GLPS Pukayur,LPS,Government,Thirurangadi,Vengara,Malappuram (P),1 - 4,164,164,0,7,7,0,0,0,0,1,8,ok,true,false,false,https://sametham.kite.kerala.gov.in/19840,2026-08-14T10:18:08.149888+00:00
19841,GLPS Thattancherimala,LPS,Government,Thirurangadi,Vengara,Malappuram (P),1 - 4,56,56,0,4,3,0,0,1,0,0,4,ok,true,false,false,https://sametham.kite.kerala.gov.in/19841,2026-08-14T10:18:10.151179+00:00
19853,GMLPS Koyappa,UPS,Government,Thirurangadi,Vengara,Malappuram (P),1 - 5,111,89,22,5,3,0,2,0,0,1,6,ok,true,false,false,https://sametham.kite.kerala.gov.in/19853,2026-08-14T10:18:12.130661+00:00
19855,GLPS Orakam Kizhumuri,UPS,Government,Thirurangadi,Vengara,Malappuram (P),1 - 5,583,452,131,22,18,0,2,2,0,1,23,ok,true,false,false,https://sametham.kite.kerala.gov.in/19855,2026-08-14T10:18:14.141526+00:00
19856,GLPS Parambilpeedika,LPS,Government,Thirurangadi,Vengara,Malappuram (P),1 - 4,754,754,0,21,19,0,2,0,0,1,22,ok,true,false,false,https://sametham.kite.kerala.gov.in/19856,2026-08-14T10:18:16.175411+00:00
19859,GUPS AR Nagar,UPS,Government,Thirurangadi,Vengara,Malappuram (P),1 - 7,633,319,314,20,10,5,5,0,0,2,22,ok,true,false,false,https://sametham.kite.kerala.gov.in/19859,2026-08-14T10:18:18.238436+00:00
19862,CHAKKEERI AHAMMED KUTTY MEMORIAL G.M.U.P.S.CHERUR,UPS,Government,Thirurangadi,Vengara,Malappuram (P),1 - 7,1327,608,719,46,20,16,8,2,0,2,48,ok,true,false,false,https://sametham.kite.kerala.gov.in/19862,2026-08-14T10:18:20.124999+00:00
19863,G U P S Cholakundu,UPS,Government,Thirurangadi,Vengara,Malappuram (P),1 - 7,598,263,335,24,8,11,5,0,0,2,26,ok,true,false,false,https://sametham.kite.kerala.gov.in/19863,2026-08-14T10:18:22.161609+00:00
19864,GMUPS Kannamangalam,UPS,Government,Thirurangadi,Vengara,Malappuram (P),1 - 7,507,245,262,21,8,7,5,1,0,2,23,ok,true,false,false,https://sametham.kite.kerala.gov.in/19864,2026-08-14T10:18:24.107892+00:00
19866,GUPS Klari,UPS,Government,Thirurangadi,Vengara,Malappuram (P),1 - 7,1890,802,1088,44,14,19,7,4,0,2,46,ok,true,false,false,https://sametham.kite.kerala.gov.in/19866,2026-08-14T10:18:26.154717+00:00
19867,GHS Kolappuram,HS,Government,Thirurangadi,Vengara,Malappuram (P),1 -10,1033,320,281,41,11,9,4,17,0,4,45,ok,true,false,false,https://sametham.kite.kerala.gov.in/19867,2026-08-14T10:18:28.165212+00:00
19868,G H S Kuruka,HS,Government,Thirurangadi,Vengara,Malappuram (P),1 -10,1243,348,445,51,16,14,3,18,0,4,55,ok,true,false,false,https://sametham.kite.kerala.gov.in/19868,2026-08-14T10:18:30.121058+00:00
19871,GUPS Thenhippalam,UPS,Government,Thirurangadi,Vengara,Malappuram (P),1 - 7,634,255,379,26,8,10,5,3,0,2,28,ok,true,false,false,https://sametham.kite.kerala.gov.in/19871,2026-08-14T10:18:32.173362+00:00
19872,GUPS Valiyora,UPS,Government,Thirurangadi,Vengara,Malappuram (P),1 - 7,522,257,265,23,12,6,4,1,0,2,25,ok,true,false,false,https://sametham.kite.kerala.gov.in/19872,2026-08-14T10:18:34.218745+00:00
19881,GUPS Mundothuparamba,UPS,Government,Thirurangadi,Vengara,Malappuram (P),5 -7,649,0,649,23,0,15,5,3,0,1,24,ok,true,false,false,https://sametham.kite.kerala.gov.in/19881,2026-08-14T10:18:36.186841+00:00
48001,G H S S Areacode,HSS,Government,Wandoor,Areacode,Malappuram (P),5 - 12,1126,0,255,48,0,7,3,38,0,4,52,ok,true,true,false,https://sametham.kite.kerala.gov.in/48001,2026-08-14T10:18:38.136170+00:00
48035,G M V H S S Nilambur,VHSE,Government,Wandoor,Nilambur,Nilambur (M),5 - 12,1696,0,84,62,0,4,1,57,0,9,71,ok,true,true,true,https://sametham.kite.kerala.gov.in/48035,2026-08-14T10:18:40.100959+00:00
48038,G H S S Pullangode,HSS,Government,Wandoor,Wandoor,Malappuram (P),5 - 12,683,0,285,22,0,10,1,11,0,5,27,ok,true,true,false,https://sametham.kite.kerala.gov.in/48038,2026-08-14T10:18:42.132523+00:00
48047,VMCGHSS Wandoor,HSS,Government,Wandoor,Wandoor,Malappuram (P),5 - 12,2362,0,325,60,0,6,0,54,0,6,66,ok,true,true,false,https://sametham.kite.kerala.gov.in/48047,2026-08-14T10:18:44.155458+00:00
48049,G G V H S S Wandoor,VHSE,Government,Wandoor,Wandoor,Malappuram (P),1 - 12,1381,134,251,61,8,8,4,41,0,3,64,ok,true,true,true,https://sametham.kite.kerala.gov.in/48049,2026-08-14T10:18:46.131750+00:00
48050,G H S S Vaniyambalam,HSS,Government,Wandoor,Wandoor,Malappuram (P),5 - 12,1136,0,439,37,0,11,3,23,0,2,39,ok,true,true,false,https://sametham.kite.kerala.gov.in/48050,2026-08-14T10:18:48.192147+00:00
48051,G H S S Thiruvali,HSS,Government,Wandoor,Wandoor,Malappuram (P),5 - 12,1195,0,541,43,1,9,3,30,0,5,48,ok,true,true,false,https://sametham.kite.kerala.gov.in/48051,2026-08-14T10:18:50.200233+00:00
48052,G H S S Karuvarakundu,HSS,Government,Wandoor,Wandoor,Malappuram (P),5 - 12,2260,0,764,74,2,14,4,54,0,6,80,ok,true,true,false,https://sametham.kite.kerala.gov.in/48052,2026-08-14T10:18:52.146615+00:00
48063,G.H.S.S. Pattikkad,HSS,Government,Wandoor,Melattur,Malappuram (P),5 - 12,1770,0,317,61,0,8,2,51,0,6,67,ok,true,true,false,https://sametham.kite.kerala.gov.in/48063,2026-08-14T10:18:54.110059+00:00
48077,G H S S Moothedath,HSS,Government,Wandoor,Nilambur,Malappuram (P),1 - 12,1430,248,263,53,11,5,3,34,0,5,58,ok,true,true,false,https://sametham.kite.kerala.gov.in/48077,2026-08-14T10:18:56.094050+00:00
48090,G V H S S Kizhuparamba,VHSE,Government,Wandoor,Areacode,Malappuram (P),5 - 12,716,0,205,34,1,7,3,23,0,6,40,ok,true,true,true,https://sametham.kite.kerala.gov.in/48090,2026-08-14T10:18:58.153470+00:00
48100,GHSS Edakkara,HSS,Government,Wandoor,Nilambur,Malappuram (P),1 - 12,1498,259,374,58,9,13,5,31,0,5,63,ok,true,true,false,https://sametham.kite.kerala.gov.in/48100,2026-08-14T10:19:00.140618+00:00
48129,I G M M R S Nilambur,HSS,Government,Wandoor,Nilambur,Nilambur (M),1 - 12,320,64,129,7,2,0,0,5,0,0,7,ok,true,true,false,https://sametham.kite.kerala.gov.in/48129,2026-08-14T10:19:02.120046+00:00
48134,G. H. S Pannippara,HS,Government,Wandoor,Areacode,Malappuram (P),1 -10,1435,301,543,60,13,16,7,24,0,5,65,ok,true,false,false,https://sametham.kite.kerala.gov.in/48134,2026-08-14T10:19:04.124810+00:00
48135,GHS Kappilkarad,HS,Government,Wandoor,Wandoor,Malappuram (P),1 -10,392,97,132,21,6,6,1,8,0,4,25,ok,true,false,false,https://sametham.kite.kerala.gov.in/48135,2026-08-14T10:19:06.146203+00:00
48136,C K H M G.H.S. Edappatta,HS,Government,Wandoor,Melattur,Malappuram (P),5 - 10,369,0,178,13,0,7,1,5,0,4,17,ok,true,false,false,https://sametham.kite.kerala.gov.in/48136,2026-08-14T10:19:08.118086+00:00
48137,G H S Vettilappara,HS,Government,Wandoor,Areacode,Malappuram (P),1 -10,978,256,318,42,11,9,4,18,0,4,46,ok,true,false,false,https://sametham.kite.kerala.gov.in/48137,2026-08-14T10:19:10.131200+00:00
48138,GHS Munderi,HS,Government,Wandoor,Nilambur,Malappuram (P),1 -10,696,155,255,28,7,7,2,12,0,4,32,ok,true,false,false,https://sametham.kite.kerala.gov.in/48138,2026-08-14T10:19:12.145654+00:00
48139,G.H.S. Kappu,HS,Government,Wandoor,Melattur,Malappuram (P),1 -10,1160,350,413,47,12,13,6,16,0,4,51,ok,true,false,false,https://sametham.kite.kerala.gov.in/48139,2026-08-14T10:19:14.142689+00:00
48140,GHS Vadasseri,HS,Government,Wandoor,Areacode,Malappuram (P),1 -10,942,284,360,38,9,11,5,13,0,4,42,ok,true,false,false,https://sametham.kite.kerala.gov.in/48140,2026-08-14T10:19:16.160798+00:00
48141,G H S Perakamanna,HS,Government,Wandoor,Areacode,Malappuram (P),1 -10,1173,245,415,46,9,9,4,24,0,4,50,ok,true,false,false,https://sametham.kite.kerala.gov.in/48141,2026-08-14T10:19:18.125465+00:00
48144,GHS Marutha,HS,Government,Wandoor,Nilambur,Malappuram (P),1 -10,1035,319,385,41,11,12,5,13,0,4,45,ok,true,false,false,https://sametham.kite.kerala.gov.in/48144,2026-08-14T10:19:20.153572+00:00
48202,GMLPS Areacode West,LPS,Government,Wandoor,Areacode,Malappuram (P),1 - 4,44,44,0,4,3,0,1,0,0,1,5,ok,true,false,false,https://sametham.kite.kerala.gov.in/48202,2026-08-14T10:19:22.220995+00:00
48203,GLPS Chemrakattur,LPS,Government,Wandoor,Areacode,Malappuram (P),1 - 4,340,340,0,13,10,0,3,0,0,1,14,ok,true,false,false,https://sametham.kite.kerala.gov.in/48203,2026-08-14T10:19:24.140270+00:00
48205,G L P S Chengara,LPS,Government,Wandoor,Areacode,Malappuram (P),1 - 4,228,228,0,9,7,0,1,1,0,0,9,ok,true,false,false,https://sametham.kite.kerala.gov.in/48205,2026-08-14T10:19:26.121112+00:00
48210,GLPS Kavanur,LPS,Government,Wandoor,Areacode,Malappuram (P),1 - 4,244,244,0,10,7,0,3,0,0,1,11,ok,true,false,false,https://sametham.kite.kerala.gov.in/48210,2026-08-14T10:19:28.098005+00:00
48212,GMLPS Kizhuparamba,LPS,Government,Wandoor,Areacode,Malappuram (P),1 - 4,54,54,0,5,2,0,2,1,0,0,5,ok,true,false,false,https://sametham.kite.kerala.gov.in/48212,2026-08-14T10:19:30.120547+00:00
48213,GLPS Kizhuparamba South,LPS,Government,Wandoor,Areacode,Malappuram (P),1 - 4,58,58,0,4,2,0,1,1,0,1,5,ok,true,false,false,https://sametham.kite.kerala.gov.in/48213,2026-08-14T10:19:32.080485+00:00
48214,GLPS Kozhakottur,LPS,Government,Wandoor,Areacode,Malappuram (P),1 - 4,208,208,0,10,6,0,3,1,0,0,10,ok,true,false,false,https://sametham.kite.kerala.gov.in/48214,2026-08-14T10:19:34.133814+00:00
48215,GLPS Kuniyil,LPS,Government,Wandoor,Areacode,Malappuram (P),1 - 4,72,72,0,5,3,0,2,0,0,1,6,ok,true,false,false,https://sametham.kite.kerala.gov.in/48215,2026-08-14T10:19:36.100571+00:00
48216,GLPS Kuniyil South,LPS,Government,Wandoor,Areacode,Malappuram (P),1 - 4,242,242,0,11,8,0,3,0,0,0,11,ok,true,false,false,https://sametham.kite.kerala.gov.in/48216,2026-08-14T10:19:38.059477+00:00
48217,GLPS Kuthuparamba,LPS,Government,Wandoor,Areacode,Malappuram (P),1 - 4,136,136,0,9,7,0,2,0,0,1,10,ok,true,false,false,https://sametham.kite.kerala.gov.in/48217,2026-08-14T10:19:40.159665+00:00
48219,GLPS Palappatta,LPS,Government,Wandoor,Areacode,Malappuram (P),1 - 4,102,102,0,6,2,0,2,2,0,1,7,ok,true,false,false,https://sametham.kite.kerala.gov.in/48219,2026-08-14T10:19:42.070769+00:00
48221,G L P S Pathanapuram,LPS,Government,Wandoor,Areacode,Malappuram (P),1 - 4,65,65,0,5,3,0,2,0,0,0,5,ok,true,false,false,https://sametham.kite.kerala.gov.in/48221,2026-08-14T10:19:44.133885+00:00
48222,GLPS Pavanna,LPS,Government,Wandoor,Areacode,Malappuram (P),1 - 4,99,99,0,5,3,0,2,0,0,1,6,ok,true,false,false,https://sametham.kite.kerala.gov.in/48222,2026-08-14T10:19:46.105573+00:00
48224,GMLPS Puthalam,LPS,Government,Wandoor,Areacode,Malappuram (P),1 - 4,115,115,0,6,4,0,1,1,0,0,6,ok,true,false,false,https://sametham.kite.kerala.gov.in/48224,2026-08-14T10:19:48.146439+00:00
48225,GLPS Thachanna,LPS,Government,Wandoor,Areacode,Malappuram (P),1 - 4,326,326,0,14,11,0,3,0,0,1,15,ok,true,false,false,https://sametham.kite.kerala.gov.in/48225,2026-08-14T10:19:50.107640+00:00
48226,GLPS Thavarapparamba,LPS,Government,Wandoor,Areacode,Malappuram (P),1 - 4,343,343,0,12,10,0,2,0,0,0,12,ok,true,false,false,https://sametham.kite.kerala.gov.in/48226,2026-08-14T10:19:52.125255+00:00
48227,GLPS Thencheri,LPS,Government,Wandoor,Areacode,Malappuram (P),1 - 4,278,278,0,13,8,1,3,1,0,1,14,ok,true,false,false,https://sametham.kite.kerala.gov.in/48227,2026-08-14T10:19:54.205882+00:00
48237,GMUPS Areacode,UPS,Government,Wandoor,Areacode,Malappuram (P),1 - 7,669,342,327,29,9,9,6,5,0,0,29,ok,true,false,false,https://sametham.kite.kerala.gov.in/48237,2026-08-14T10:19:56.087647+00:00
48238,GUPS Chundathumpoyil,UPS,Government,Wandoor,Areacode,Malappuram (P),1 - 7,113,61,52,7,4,2,1,0,0,2,9,ok,true,false,false,https://sametham.kite.kerala.gov.in/48238,2026-08-14T10:19:58.152973+00:00
48242,GUPS Maithra,UPS,Government,Wandoor,Areacode,Malappuram (P),1 - 7,607,256,351,27,10,10,7,0,0,2,29,ok,true,false,false,https://sametham.kite.kerala.gov.in/48242,2026-08-14T10:20:00.109632+00:00
48243,GUPS Moorkanad,UPS,Government,Wandoor,Areacode,Malappuram (P),1 - 7,901,179,722,38,9,18,8,3,0,2,40,ok,true,false,false,https://sametham.kite.kerala.gov.in/48243,2026-08-14T10:20:02.124555+00:00
48244,GMUPS Mundambra,UPS,Government,Wandoor,Areacode,Malappuram (P),1 - 7,634,340,294,31,13,8,8,2,0,2,33,ok,true,false,false,https://sametham.kite.kerala.gov.in/48244,2026-08-14T10:20:04.110047+00:00
48245,G U P S Odakkayam,UPS,Government,Wandoor,Areacode,Malappuram (P),1 - 7,45,23,22,6,4,2,0,0,0,2,8,ok,true,false,false,https://sametham.kite.kerala.gov.in/48245,2026-08-14T10:20:06.119415+00:00
48253,GUPS Chengara,UPS,Government,Wandoor,Areacode,Malappuram (P),5 -7,503,0,503,22,0,14,5,3,0,1,23,ok,true,false,false,https://sametham.kite.kerala.gov.in/48253,2026-08-14T10:20:08.161679+00:00
48276,G L P S West Pathanapuram,LPS,Government,Wandoor,Areacode,Malappuram (P),1 - 4,61,61,0,6,4,0,2,0,0,1,7,ok,true,false,false,https://sametham.kite.kerala.gov.in/48276,2026-08-14T10:20:10.158455+00:00
48304,G.L.P.S. Cheriparamba,LPS,Government,Wandoor,Melattur,Malappuram (P),1 - 4,132,132,0,7,5,0,1,1,0,0,7,ok,true,false,false,https://sametham.kite.kerala.gov.in/48304,2026-08-14T10:20:12.114039+00:00
48309,G.L.P.S. Kara,LPS,Government,Wandoor,Melattur,Malappuram (P),1 - 4,142,142,0,9,7,0,2,0,0,0,9,ok,true,false,false,https://sametham.kite.kerala.gov.in/48309,2026-08-14T10:20:14.125203+00:00
48310,G.L.P.S. Kizhakkumpadam,LPS,Government,Wandoor,Melattur,Malappuram (P),1 - 4,139,139,0,7,5,0,2,0,0,0,7,ok,true,false,false,https://sametham.kite.kerala.gov.in/48310,2026-08-14T10:20:16.112959+00:00
48315,G.L.P.S. Melkulangara,LPS,Government,Wandoor,Melattur,Malappuram (P),1 - 4,69,69,0,5,3,0,2,0,0,1,6,ok,true,false,false,https://sametham.kite.kerala.gov.in/48315,2026-08-14T10:20:18.137738+00:00
48317,G.M.L.P.S. Nenmini,LPS,Government,Wandoor,Melattur,Malappuram (P),1 - 4,268,268,0,11,6,0,2,3,0,1,12,ok,true,false,false,https://sametham.kite.kerala.gov.in/48317,2026-08-14T10:20:20.133020+00:00
48318,G.M.L.P.S. Pallikuth,LPS,Government,Wandoor,Melattur,Malappuram (P),1 - 4,139,139,0,8,6,0,2,0,0,0,8,ok,true,false,false,https://sametham.kite.kerala.gov.in/48318,2026-08-14T10:20:22.135411+00:00
48319,G.L.P.S. Pathirikode,LPS,Government,Wandoor,Melattur,Malappuram (P),1 - 4,55,55,0,5,3,0,2,0,0,1,6,ok,true,false,false,https://sametham.kite.kerala.gov.in/48319,2026-08-14T10:20:24.184494+00:00
48320,G.L.P.S. Kombamkallu,LPS,Government,Wandoor,Melattur,Malappuram (P),1 - 4,92,92,0,4,4,0,0,0,0,1,5,ok,true,false,false,https://sametham.kite.kerala.gov.in/48320,2026-08-14T10:20:26.104302+00:00
48321,G.L.P.S. Pattikkad,LPS,Government,Wandoor,Melattur,Malappuram (P),1 - 4,242,242,0,12,8,0,3,1,0,1,13,ok,true,false,false,https://sametham.kite.kerala.gov.in/48321,2026-08-14T10:20:28.130621+00:00
48323,G.L.P.S. Pezhumthara,LPS,Government,Wandoor,Melattur,Malappuram (P),1 - 4,51,51,0,4,3,0,1,0,0,1,5,ok,true,false,false,https://sametham.kite.kerala.gov.in/48323,2026-08-14T10:20:30.166402+00:00
48326,M.P.G.L.P.S. Puthanpally,LPS,Government,Wandoor,Melattur,Malappuram (P),1 - 4,76,76,0,3,2,0,1,0,0,0,3,ok,true,false,false,https://sametham.kite.kerala.gov.in/48326,2026-08-14T10:20:32.130144+00:00
48328,G.L.P.S. Thelakkad,LPS,Government,Wandoor,Melattur,Malappuram (P),1 - 4,82,82,0,5,3,0,2,0,0,1,6,ok,true,false,false,https://sametham.kite.kerala.gov.in/48328,2026-08-14T10:20:34.117705+00:00
48329,G.L.P.S. Valayapuram,LPS,Government,Wandoor,Melattur,Malappuram (P),1 - 4,34,34,0,5,3,0,1,1,0,1,6,ok,true,false,false,https://sametham.kite.kerala.gov.in/48329,2026-08-14T10:20:36.115663+00:00
48330,G.L.P.S. Chemmaniyode,UPS,Government,Wandoor,Melattur,Malappuram (P),1 - 5,245,201,44,10,9,0,1,0,0,1,11,ok,true,false,false,https://sametham.kite.kerala.gov.in/48330,2026-08-14T10:20:38.147277+00:00
48333,G.M.U.P.S. Oravambram,UPS,Government,Wandoor,Melattur,Malappuram (P),1 - 7,593,244,349,26,8,11,6,1,0,2,28,ok,true,false,false,https://sametham.kite.kerala.gov.in/48333,2026-08-14T10:20:40.132718+00:00
48339,G.L.P.S. Edappatta,LPS,Government,Wandoor,Melattur,Malappuram (P),1 - 4,74,74,0,4,3,0,1,0,0,1,5,ok,true,false,false,https://sametham.kite.kerala.gov.in/48339,2026-08-14T10:20:42.103457+00:00
48401,Amarambalam GLPS,LPS,Government,Wandoor,Nilambur,Malappuram (P),1 - 4,134,134,0,8,6,0,2,0,0,0,8,ok,true,false,false,https://sametham.kite.kerala.gov.in/48401,2026-08-14T10:20:44.113523+00:00
48406,Cholamunda GLPS,LPS,Government,Wandoor,Nilambur,Malappuram (P),1 - 4,188,188,0,11,8,0,3,0,0,1,12,ok,true,false,false,https://sametham.kite.kerala.gov.in/48406,2026-08-14T10:20:46.120596+00:00
48407,Chungathara G L P S,LPS,Government,Wandoor,Nilambur,Malappuram (P),1 - 4,149,149,0,9,6,0,2,1,0,1,10,ok,true,false,false,https://sametham.kite.kerala.gov.in/48407,2026-08-14T10:20:48.093552+00:00
48408,GLPS Chungathara Panchayath,LPS,Government,Wandoor,Nilambur,Malappuram (P),1 - 4,132,132,0,7,5,0,2,0,0,1,8,ok,true,false,false,https://sametham.kite.kerala.gov.in/48408,2026-08-14T10:20:50.186727+00:00
48410,Edivanna Estate GLPS,LPS,Government,Wandoor,Nilambur,Malappuram (P),1 - 4,217,217,0,9,6,0,2,1,0,1,10,ok,true,false,false,https://sametham.kite.kerala.gov.in/48410,2026-08-14T10:20:52.115466+00:00
48411,Karimbuzha GMLPS,LPS,Government,Wandoor,Nilambur,Nilambur (M),1 - 4,173,173,0,7,6,0,1,0,1,1,9,ok,true,false,false,https://sametham.kite.kerala.gov.in/48411,2026-08-14T10:20:54.105114+00:00
48413,GMLPS Panthalingal,LPS,Government,Wandoor,Nilambur,Malappuram (P),1 - 4,79,79,0,5,3,0,1,1,0,1,6,ok,true,false,false,https://sametham.kite.kerala.gov.in/48413,2026-08-14T10:20:56.118521+00:00
48414,GLPS Kattumunda East,LPS,Government,Wandoor,Nilambur,Malappuram (P),1 - 4,345,345,0,14,11,0,3,0,0,1,15,ok,true,false,false,https://sametham.kite.kerala.gov.in/48414,2026-08-14T10:20:58.119419+00:00
48415,Kavalamukkatta GLPS,LPS,Government,Wandoor,Nilambur,Malappuram (P),1 - 4,156,156,0,8,6,0,1,1,0,1,9,ok,true,false,false,https://sametham.kite.kerala.gov.in/48415,2026-08-14T10:21:00.138728+00:00
48416,Konamunda GLPS,LPS,Government,Wandoor,Nilambur,Malappuram (P),1 - 4,153,153,0,8,6,0,1,1,0,1,9,ok,true,false,false,https://sametham.kite.kerala.gov.in/48416,2026-08-14T10:21:02.167922+00:00
48419,Mamankara GLPS,LPS,Government,Wandoor,Nilambur,Malappuram (P),1 - 4,506,506,0,20,14,0,3,3,0,1,21,ok,true,false,false,https://sametham.kite.kerala.gov.in/48419,2026-08-14T10:21:04.107592+00:00
48420,Mampad North GMLPS,LPS,Government,Wandoor,Nilambur,Malappuram (P),1 - 4,151,151,0,9,6,0,2,1,0,1,10,ok,true,false,false,https://sametham.kite.kerala.gov.in/48420,2026-08-14T10:21:06.123902+00:00
48422,Mankuth GLPS,LPS,Government,Wandoor,Nilambur,Nilambur (M),1 - 4,94,94,0,5,3,0,2,0,0,1,6,ok,true,false,false,https://sametham.kite.kerala.gov.in/48422,2026-08-14T10:21:08.138281+00:00
48423,GLPS Meppadam,LPS,Government,Wandoor,Nilambur,Malappuram (P),1 - 4,111,111,0,8,6,0,2,0,0,1,9,ok,true,false,false,https://sametham.kite.kerala.gov.in/48423,2026-08-14T10:21:10.186090+00:00
48425,Mooleppadam GLPS,LPS,Government,Wandoor,Nilambur,Malappuram (P),1 - 4,6,6,0,0,0,0,0,0,0,1,1,ok,true,false,false,https://sametham.kite.kerala.gov.in/48425,2026-08-14T10:21:12.118483+00:00
48426,GMLPS Mukkatta,LPS,Government,Wandoor,Nilambur,Nilambur (M),1 - 4,75,75,0,5,3,0,2,0,0,1,6,ok,true,false,false,https://sametham.kite.kerala.gov.in/48426,2026-08-14T10:21:14.142110+00:00
48429,Naduvakkad GLPS,LPS,Government,Wandoor,Nilambur,Malappuram (P),1 - 4,64,64,0,5,3,0,2,0,0,1,6,ok,true,false,false,https://sametham.kite.kerala.gov.in/48429,2026-08-14T10:21:16.104169+00:00
48430,Nedungayam GTLPS,LPS,Government,Wandoor,Nilambur,Malappuram (P),1 - 4,5,5,0,2,1,0,1,0,0,1,3,ok,true,false,false,https://sametham.kite.kerala.gov.in/48430,2026-08-14T10:21:18.108270+00:00
48431,GMLPS Nilambur,LPS,Government,Wandoor,Nilambur,Nilambur (M),1 - 4,533,533,0,23,15,0,5,3,0,1,24,ok,true,false,false,https://sametham.kite.kerala.gov.in/48431,2026-08-14T10:21:20.129998+00:00
48435,Pathirippadam GLPS,LPS,Government,Wandoor,Nilambur,Malappuram (P),1 - 4,167,167,0,9,7,0,1,1,0,1,10,ok,true,false,false,https://sametham.kite.kerala.gov.in/48435,2026-08-14T10:21:22.120609+00:00
48436,Payampadam GLPS,LPS,Government,Wandoor,Nilambur,Malappuram (P),1 - 4,79,79,0,5,3,0,2,0,0,1,6,ok,true,false,false,https://sametham.kite.kerala.gov.in/48436,2026-08-14T10:21:24.154801+00:00
48437,Perumbathur GLPS,LPS,Government,Wandoor,Nilambur,Malappuram (P),1 - 4,65,65,0,4,3,0,1,0,0,1,5,ok,true,false,false,https://sametham.kite.kerala.gov.in/48437,2026-08-14T10:21:26.130748+00:00
48439,Poolappadam GLPS,LPS,Government,Wandoor,Nilambur,Malappuram (P),1 - 4,146,146,0,9,5,0,3,1,0,1,10,ok,true,false,false,https://sametham.kite.kerala.gov.in/48439,2026-08-14T10:21:28.132616+00:00
48441,Pullippadam GLPS,LPS,Government,Wandoor,Nilambur,Malappuram (P),1 - 4,157,157,0,8,4,0,1,3,0,1,9,ok,true,false,false,https://sametham.kite.kerala.gov.in/48441,2026-08-14T10:21:30.228362+00:00
48445,Vadapuram GMLPS,LPS,Government,Wandoor,Nilambur,Malappuram (P),1 - 4,112,112,0,7,3,0,2,2,0,1,8,ok,true,false,false,https://sametham.kite.kerala.gov.in/48445,2026-08-14T10:21:32.145341+00:00
48446,Valanthode GTLPS,LPS,Government,Wandoor,Nilambur,Malappuram (P),1 - 4,25,25,0,3,2,0,1,0,0,1,4,ok,true,false,false,https://sametham.kite.kerala.gov.in/48446,2026-08-14T10:21:34.202281+00:00
48447,Varikkal GLPS,LPS,Government,Wandoor,Nilambur,Malappuram (P),1 - 4,132,132,0,7,5,0,2,0,0,1,8,ok,true,false,false,https://sametham.kite.kerala.gov.in/48447,2026-08-14T10:21:36.185619+00:00
48448,Veettikuth GLPS,LPS,Government,Wandoor,Nilambur,Nilambur (M),1 - 4,262,262,0,12,9,0,2,1,0,1,13,ok,true,false,false,https://sametham.kite.kerala.gov.in/48448,2026-08-14T10:21:38.183658+00:00
48450,Vendekkumpotty GLPS,LPS,Government,Wandoor,Nilambur,Malappuram (P),1 - 4,76,76,0,5,4,0,1,0,0,0,5,ok,true,false,false,https://sametham.kite.kerala.gov.in/48450,2026-08-14T10:21:40.390628+00:00
48452,Amarambalam South GUPS,UPS,Government,Wandoor,Nilambur,Malappuram (P),1 - 7,386,152,234,16,6,5,3,2,0,1,17,ok,true,false,false,https://sametham.kite.kerala.gov.in/48452,2026-08-14T10:21:42.269900+00:00
48455,Eranhimangad GUPS,UPS,Government,Wandoor,Nilambur,Malappuram (P),1 - 7,680,270,410,31,12,10,6,3,0,0,31,ok,true,false,false,https://sametham.kite.kerala.gov.in/48455,2026-08-14T10:21:44.273823+00:00
48457,Kurumbalangode GUPS,UPS,Government,Wandoor,Nilambur,Malappuram (P),1 - 7,703,286,417,27,6,8,4,9,0,2,29,ok,true,false,false,https://sametham.kite.kerala.gov.in/48457,2026-08-14T10:21:46.128539+00:00
48463,Myladi GUPS,UPS,Government,Wandoor,Nilambur,Malappuram (P),1 - 7,315,176,139,16,7,3,3,3,0,2,18,ok,true,false,false,https://sametham.kite.kerala.gov.in/48463,2026-08-14T10:21:48.149268+00:00
48466,Nilambur GMUPS,UPS,Government,Wandoor,Nilambur,Nilambur (M),1 - 7,428,121,307,22,6,8,6,2,0,2,24,ok,true,false,false,https://sametham.kite.kerala.gov.in/48466,2026-08-14T10:21:50.157803+00:00
48468,Pallikuth GUPS,UPS,Government,Wandoor,Nilambur,Malappuram (P),1 - 7,289,146,143,15,7,5,2,1,0,2,17,ok,true,false,false,https://sametham.kite.kerala.gov.in/48468,2026-08-14T10:21:52.225745+00:00
48469,Paramba G U P S,UPS,Government,Wandoor,Nilambur,Malappuram (P),1 - 7,851,368,483,35,14,11,6,4,0,2,37,ok,true,false,false,https://sametham.kite.kerala.gov.in/48469,2026-08-14T10:21:54.183039+00:00
48478,Kattumunda East GUPS,UPS,Government,Wandoor,Nilambur,Malappuram (P),5 -7,770,0,770,28,0,18,5,5,0,1,29,ok,true,false,false,https://sametham.kite.kerala.gov.in/48478,2026-08-14T10:21:56.123846+00:00
48479,Konnamanna GUPS,UPS,Government,Wandoor,Nilambur,Malappuram (P),5 -7,97,0,97,6,0,2,2,2,0,0,6,ok,true,false,false,https://sametham.kite.kerala.gov.in/48479,2026-08-14T10:21:58.130711+00:00
48482,Pulliyil GUPS,UPS,Government,Wandoor,Nilambur,Malappuram (P),5 -7,540,0,540,23,0,16,4,3,0,1,24,ok,true,false,false,https://sametham.kite.kerala.gov.in/48482,2026-08-14T10:22:00.119062+00:00
48501,Adakkakundu GLPS,LPS,Government,Wandoor,Wandoor,Malappuram (P),1 - 4,160,160,0,7,4,0,2,1,0,0,7,ok,true,false,false,https://sametham.kite.kerala.gov.in/48501,2026-08-14T10:22:02.144345+00:00
48502,Akkarakulam GLPS,LPS,Government,Wandoor,Wandoor,Malappuram (P),1 - 4,200,200,0,7,6,0,1,0,0,1,8,ok,true,false,false,https://sametham.kite.kerala.gov.in/48502,2026-08-14T10:22:04.107102+00:00
48504,Amapoyil GLPS,LPS,Government,Wandoor,Wandoor,Malappuram (P),1 - 4,202,202,0,10,7,0,2,1,0,1,11,ok,true,false,false,https://sametham.kite.kerala.gov.in/48504,2026-08-14T10:22:06.170539+00:00
48510,Chokkad Girijan Colony GLPS,LPS,Government,Wandoor,Wandoor,Malappuram (P),1 - 4,10,10,0,2,1,0,1,0,0,0,2,ok,true,false,false,https://sametham.kite.kerala.gov.in/48510,2026-08-14T10:22:08.083808+00:00
48512,Kallamoola GLPS,LPS,Government,Wandoor,Wandoor,Malappuram (P),1 - 4,176,176,0,10,7,0,3,0,0,0,10,ok,true,false,false,https://sametham.kite.kerala.gov.in/48512,2026-08-14T10:22:10.273280+00:00
48513,Karuvarakundu GLPS,LPS,Government,Wandoor,Wandoor,Malappuram (P),1 - 4,511,511,0,19,14,0,4,1,0,1,20,ok,true,false,false,https://sametham.kite.kerala.gov.in/48513,2026-08-14T10:22:12.123323+00:00
48515,Kizhakkethala GLPS,LPS,Government,Wandoor,Wandoor,Malappuram (P),1 - 4,169,169,0,9,6,0,2,1,0,1,10,ok,true,false,false,https://sametham.kite.kerala.gov.in/48515,2026-08-14T10:22:14.120884+00:00
48516,Koithakundu GLPS,LPS,Government,Wandoor,Wandoor,Malappuram (P),1 - 4,192,192,0,5,3,0,2,0,0,1,6,ok,true,false,false,https://sametham.kite.kerala.gov.in/48516,2026-08-14T10:22:16.171864+00:00
48517,Kooripoyil GLPS,LPS,Government,Wandoor,Wandoor,Malappuram (P),1 - 4,140,140,0,9,7,0,1,1,0,1,10,ok,true,false,false,https://sametham.kite.kerala.gov.in/48517,2026-08-14T10:22:18.114181+00:00
48519,Mampattumoola GLPS,LPS,Government,Wandoor,Wandoor,Malappuram (P),1 - 4,336,336,0,12,10,0,2,0,0,1,13,ok,true,false,false,https://sametham.kite.kerala.gov.in/48519,2026-08-14T10:22:20.114930+00:00
48520,Mampuzha GLPS,LPS,Government,Wandoor,Wandoor,Malappuram (P),1 - 4,338,338,0,12,9,0,3,0,0,1,13,ok,true,false,false,https://sametham.kite.kerala.gov.in/48520,2026-08-14T10:22:22.124133+00:00
48521,Mundakkode GLPS,LPS,Government,Wandoor,Wandoor,Malappuram (P),1 - 4,108,108,0,4,2,0,2,0,0,1,5,ok,true,false,false,https://sametham.kite.kerala.gov.in/48521,2026-08-14T10:22:24.147947+00:00
48522,Pedayenthal GLPS,LPS,Government,Wandoor,Wandoor,Malappuram (P),1 - 4,66,66,0,5,3,0,1,1,0,0,5,ok,true,false,false,https://sametham.kite.kerala.gov.in/48522,2026-08-14T10:22:26.148189+00:00
48523,Pallisseri GLPS,LPS,Government,Wandoor,Wandoor,Malappuram (P),1 - 4,116,116,0,5,3,0,2,0,0,0,5,ok,true,false,false,https://sametham.kite.kerala.gov.in/48523,2026-08-14T10:22:28.137031+00:00
48524,Pattanamkundu GLPS,LPS,Government,Wandoor,Wandoor,Malappuram (P),1 - 4,82,82,0,6,4,0,2,0,0,1,7,ok,true,false,false,https://sametham.kite.kerala.gov.in/48524,2026-08-14T10:22:30.280706+00:00
48525,Payyakode GLPS,LPS,Government,Wandoor,Wandoor,Malappuram (P),1 - 4,40,40,0,4,3,0,1,0,0,0,4,ok,true,false,false,https://sametham.kite.kerala.gov.in/48525,2026-08-14T10:22:32.144571+00:00
48526,Pazhedam Panampoyil GLPS,LPS,Government,Wandoor,Wandoor,Malappuram (P),1 - 4,285,285,0,12,9,0,3,0,0,1,13,ok,true,false,false,https://sametham.kite.kerala.gov.in/48526,2026-08-14T10:22:34.187641+00:00
48527,Pookkulam GLPS,LPS,Government,Wandoor,Wandoor,Malappuram (P),1 - 4,202,202,0,8,7,0,1,0,0,0,8,ok,true,false,false,https://sametham.kite.kerala.gov.in/48527,2026-08-14T10:22:36.131647+00:00
48528,Poongode GLPS,LPS,Government,Wandoor,Wandoor,Malappuram (P),1 - 4,313,313,0,11,9,0,1,1,0,1,12,ok,true,false,false,https://sametham.kite.kerala.gov.in/48528,2026-08-14T10:22:38.157038+00:00
48529,V.M.D Memorial Govt L.P.S Porur,LPS,Government,Wandoor,Wandoor,Malappuram (P),1 - 4,116,116,0,6,5,0,1,0,0,1,7,ok,true,false,false,https://sametham.kite.kerala.gov.in/48529,2026-08-14T10:22:40.119350+00:00
48530,Pullengode GMLPS,LPS,Government,Wandoor,Wandoor,Malappuram (P),1 - 4,192,192,0,9,7,0,1,1,0,1,10,ok,true,false,false,https://sametham.kite.kerala.gov.in/48530,2026-08-14T10:22:42.199717+00:00
48531,Pulvetta GLPS,LPS,Government,Wandoor,Wandoor,Malappuram (P),1 - 4,290,290,0,10,7,0,2,1,0,1,11,ok,true,false,false,https://sametham.kite.kerala.gov.in/48531,2026-08-14T10:22:44.200375+00:00
48532,Santhinagar GLPS,LPS,Government,Wandoor,Wandoor,Malappuram (P),1 - 4,315,315,0,11,6,0,2,3,0,1,12,ok,true,false,false,https://sametham.kite.kerala.gov.in/48532,2026-08-14T10:22:46.153541+00:00
48533,Tharish GLPS,LPS,Government,Wandoor,Wandoor,Malappuram (P),1 - 4,446,446,0,16,11,0,3,2,0,1,17,ok,true,false,false,https://sametham.kite.kerala.gov.in/48533,2026-08-14T10:22:48.189069+00:00
48536,Thiruvali GLPS,LPS,Government,Wandoor,Wandoor,Malappuram (P),1 - 4,397,397,0,15,9,0,1,5,0,0,15,ok,true,false,false,https://sametham.kite.kerala.gov.in/48536,2026-08-14T10:22:50.149427+00:00
48538,Thuvvur GLPS,LPS,Government,Wandoor,Wandoor,Malappuram (P),1 - 4,445,445,0,16,13,0,3,0,0,0,16,ok,true,false,false,https://sametham.kite.kerala.gov.in/48538,2026-08-14T10:22:52.137137+00:00
48539,Uthirampoyil GLPS,LPS,Government,Wandoor,Wandoor,Malappuram (P),1 - 4,129,129,0,7,5,0,2,0,0,1,8,ok,true,false,false,https://sametham.kite.kerala.gov.in/48539,2026-08-14T10:22:54.156531+00:00
48540,Vaniyambalam CKAGLPS,LPS,Government,Wandoor,Wandoor,Malappuram (P),1 - 4,402,402,0,16,12,0,2,2,0,1,17,ok,true,false,false,https://sametham.kite.kerala.gov.in/48540,2026-08-14T10:22:56.207924+00:00
48545,Chadangamkulam GLPS,UPS,Government,Wandoor,Wandoor,Malappuram (P),1 - 5,326,253,73,14,10,0,2,2,0,0,14,ok,true,false,false,https://sametham.kite.kerala.gov.in/48545,2026-08-14T10:22:58.136377+00:00
48549,G.H.S Anchachavadi,HS,Government,Wandoor,Wandoor,Malappuram (P),1 -10,1338,452,443,54,18,11,7,18,0,1,55,ok,true,false,false,https://sametham.kite.kerala.gov.in/48549,2026-08-14T10:23:00.228839+00:00
48551,Chokkad GMUPS,UPS,Government,Wandoor,Wandoor,Malappuram (P),1 - 7,416,206,210,17,8,5,3,1,0,2,19,ok,true,false,false,https://sametham.kite.kerala.gov.in/48551,2026-08-14T10:23:02.209352+00:00
48553,Kalikavu Bazar G M U P S,UPS,Government,Wandoor,Wandoor,Malappuram (P),1 - 7,1202,639,563,41,19,12,8,2,0,1,42,ok,true,false,false,https://sametham.kite.kerala.gov.in/48553,2026-08-14T10:23:04.264379+00:00
48557,Maliyekkal GUPS,UPS,Government,Wandoor,Wandoor,Malappuram (P),1 - 7,510,282,228,21,10,6,5,0,0,0,21,ok,true,false,false,https://sametham.kite.kerala.gov.in/48557,2026-08-14T10:23:06.270552+00:00
48558,G H S Neelanchery,HS,Government,Wandoor,Wandoor,Malappuram (P),1 -10,1027,346,324,38,9,11,3,15,0,6,44,ok,true,false,false,https://sametham.kite.kerala.gov.in/48558,2026-08-14T10:23:08.200209+00:00
48559,Pazhayakadakkal GUPS,UPS,Government,Wandoor,Wandoor,Malappuram (P),1 - 7,650,375,275,26,10,10,5,1,0,1,27,ok,true,false,false,https://sametham.kite.kerala.gov.in/48559,2026-08-14T10:23:10.167628+00:00
